"",f.value,p.value,-log10(p),FDR,Fisher's LSD
957.910526729277,9.2455,5.0237e-10,9.299,5.3131e-05,ltb_ppd - ltb_bcg; ptb_bl - ltb_bcg; rtb_bl - ltb_bcg; sim_bcg - ltb_bcg; ltb_ppd - ltb_bl; ptb_bl - ltb_bl; rtb_bl - ltb_bl; ltb_ppd - ptb_bcg; ltb_ppd - ptb_bl; ltb_ppd - ptb_ppd; ltb_ppd - rtb_bcg; ltb_ppd - rtb_ppd; ltb_ppd - sim_bcg; ltb_ppd - sim_bl; ltb_ppd - sim_ppd; ptb_bl - ptb_bcg; rtb_bl - ptb_bcg; ptb_bl - rtb_bcg; rtb_bl - ptb_bl; ptb_bl - rtb_ppd; ptb_bl - sim_ppd; rtb_bl - ptb_ppd; rtb_bl - rtb_bcg; rtb_bl - rtb_ppd; rtb_bl - sim_bcg; rtb_bl - sim_bl; rtb_bl - sim_ppd
1094.76454304648,8.6868,1.626e-09,8.7889,8.5983e-05,ptb_bcg - ltb_bcg; ptb_ppd - ltb_bcg; ptb_bcg - ltb_bl; ptb_ppd - ltb_bl; ptb_bcg - ltb_ppd; ptb_ppd - ltb_ppd; ptb_bcg - ptb_bl; ptb_bcg - ptb_ppd; ptb_bcg - rtb_bcg; ptb_bcg - rtb_bl; ptb_bcg - rtb_ppd; ptb_bcg - sim_bcg; ptb_bcg - sim_bl; ptb_bcg - sim_ppd; ptb_ppd - rtb_bcg; ptb_ppd - rtb_bl; ptb_ppd - rtb_ppd; ptb_ppd - sim_bcg; ptb_ppd - sim_bl; ptb_ppd - sim_ppd
572.037159196746,7.4679,2.4015e-08,7.6195,0.00084661,ltb_ppd - ltb_bcg; ptb_bcg - ltb_bcg; sim_ppd - ltb_bcg; ltb_ppd - ltb_bl; ptb_bcg - ltb_bl; sim_ppd - ltb_bl; ltb_ppd - ptb_bcg; ltb_ppd - ptb_bl; ltb_ppd - ptb_ppd; ltb_ppd - rtb_bcg; ltb_ppd - rtb_bl; ltb_ppd - rtb_ppd; ltb_ppd - sim_bcg; ltb_ppd - sim_bl; ltb_ppd - sim_ppd; ptb_bcg - ptb_bl; ptb_bcg - rtb_bcg; ptb_bcg - rtb_bl; ptb_bcg - rtb_ppd; ptb_bcg - sim_bcg; ptb_bcg - sim_bl; sim_ppd - ptb_bl; sim_ppd - rtb_bcg; sim_ppd - rtb_bl; sim_ppd - rtb_ppd; sim_ppd - sim_bcg; sim_ppd - sim_bl
358.190444374924,6.7327,1.3357e-07,6.8743,0.0035316,ptb_bcg - ltb_bcg; ptb_bcg - ltb_bl; ptb_bcg - ltb_ppd; ptb_bcg - ptb_bl; ptb_bcg - ptb_ppd; ptb_bcg - rtb_bcg; ptb_bcg - rtb_bl; ptb_bcg - rtb_ppd; ptb_bcg - sim_bcg; ptb_bcg - sim_bl; ptb_bcg - sim_ppd
392.698548038441,6.4612,2.5642e-07,6.5911,0.0047134,ptb_bcg - ltb_bcg; ptb_bl - ltb_bcg; sim_bcg - ltb_bcg; sim_bl - ltb_bcg; sim_ppd - ltb_bcg; ptb_bcg - ltb_bl; sim_ppd - ltb_bl; ptb_bcg - ltb_ppd; sim_ppd - ltb_ppd; ptb_bcg - ptb_bl; ptb_bcg - ptb_ppd; ptb_bcg - rtb_bcg; ptb_bcg - rtb_bl; ptb_bcg - rtb_ppd; ptb_bcg - sim_bcg; ptb_bcg - sim_bl; ptb_bcg - sim_ppd; sim_ppd - ptb_ppd; sim_ppd - rtb_bcg; sim_ppd - rtb_bl; sim_ppd - rtb_ppd
712.644040411989,6.4439,2.674e-07,6.5728,0.0047134,ptb_ppd - ltb_bcg; rtb_bl - ltb_bcg; ptb_ppd - ltb_bl; rtb_bl - ltb_bl; rtb_bl - ltb_ppd; ptb_ppd - ptb_bcg; rtb_bl - ptb_bcg; rtb_bl - ptb_bl; ptb_ppd - rtb_bcg; rtb_bl - ptb_ppd; ptb_ppd - rtb_ppd; ptb_ppd - sim_bcg; ptb_ppd - sim_bl; ptb_ppd - sim_ppd; rtb_bl - rtb_bcg; rtb_bl - rtb_ppd; rtb_bl - sim_bcg; rtb_bl - sim_bl; rtb_bl - sim_ppd
1437.69295284623,6.3256,3.5646e-07,6.448,0.0053857,ptb_bcg - ltb_bcg; ptb_bcg - ltb_bl; ptb_bcg - ltb_ppd; ptb_bcg - ptb_bl; ptb_bcg - ptb_ppd; ptb_bcg - rtb_bcg; ptb_bcg - rtb_bl; ptb_bcg - rtb_ppd; ptb_bcg - sim_bcg; ptb_bcg - sim_bl; ptb_bcg - sim_ppd
1281.62802345006,6.2699,4.085e-07,6.3888,0.0054004,ptb_bcg - ltb_bcg; ptb_bcg - ltb_bl; ptb_bcg - ltb_ppd; ptb_bcg - ptb_bl; ptb_bcg - ptb_ppd; ptb_bcg - rtb_bcg; ptb_bcg - rtb_bl; ptb_bcg - rtb_ppd; ptb_bcg - sim_bcg; ptb_bcg - sim_bl; ptb_bcg - sim_ppd
793.653222065986,6.1806,5.085e-07,6.2937,0.0054644,ltb_ppd - ltb_bcg; ltb_ppd - ltb_bl; ltb_ppd - ptb_bcg; ltb_ppd - ptb_bl; ltb_ppd - ptb_ppd; ltb_ppd - rtb_bcg; ltb_ppd - rtb_bl; ltb_ppd - rtb_ppd; ltb_ppd - sim_bcg; ltb_ppd - sim_bl; ltb_ppd - sim_ppd
946.752949909957,6.1298,5.7634e-07,6.2393,0.0054644,ptb_bcg - ltb_bcg; ptb_bcg - ltb_bl; ptb_bcg - ltb_ppd; ptb_bcg - ptb_bl; ptb_bcg - ptb_ppd; ptb_bcg - rtb_bcg; ptb_bcg - rtb_bl; ptb_bcg - rtb_ppd; ptb_bcg - sim_bcg; ptb_bcg - sim_bl; ptb_bcg - sim_ppd
536.950685983187,6.1199,5.9063e-07,6.2287,0.0054644,ltb_bl - ltb_bcg; sim_bcg - ltb_bcg; sim_ppd - ltb_bcg; ltb_bl - ltb_ppd; ltb_bl - ptb_bcg; ltb_bl - ptb_bl; ltb_bl - ptb_ppd; ltb_bl - rtb_bcg; ltb_bl - rtb_bl; ltb_bl - rtb_ppd; ltb_bl - sim_bcg; ltb_bl - sim_bl; sim_ppd - ltb_ppd; sim_ppd - ptb_bcg; sim_ppd - ptb_bl; sim_ppd - ptb_ppd; sim_ppd - rtb_bcg; sim_ppd - rtb_bl; sim_ppd - rtb_ppd; sim_ppd - sim_bl
789.67250619339,6.1002,6.2001e-07,6.2076,0.0054644,ptb_bcg - ltb_bcg; ltb_bcg - ptb_bl; ptb_ppd - ltb_bcg; rtb_bcg - ltb_bcg; ltb_bcg - rtb_ppd; ltb_bcg - sim_bcg; ltb_bcg - sim_bl; ltb_bcg - sim_ppd; ptb_bcg - ltb_bl; ptb_ppd - ltb_bl; rtb_bcg - ltb_bl; ptb_bcg - ltb_ppd; rtb_bcg - ltb_ppd; ptb_bcg - ptb_bl; ptb_bcg - rtb_bl; ptb_bcg - rtb_ppd; ptb_bcg - sim_bcg; ptb_bcg - sim_bl; ptb_bcg - sim_ppd; ptb_ppd - ptb_bl; rtb_bcg - ptb_bl; ptb_ppd - rtb_ppd; ptb_ppd - sim_bcg; ptb_ppd - sim_bl; ptb_ppd - sim_ppd; rtb_bcg - rtb_bl; rtb_bcg - rtb_ppd; rtb_bcg - sim_bcg; rtb_bcg - sim_bl; rtb_bcg - sim_ppd
947.048603147563,5.9011,1.0168e-06,5.9928,0.0082721,ptb_bl - ltb_bcg; ptb_bl - ltb_bl; ptb_bl - ltb_ppd; ptb_bl - ptb_bcg; ptb_bl - ptb_ppd; ptb_bl - rtb_bcg; ptb_bl - rtb_bl; ptb_bl - rtb_ppd; ptb_bl - sim_bcg; ptb_bl - sim_bl; ptb_bl - sim_ppd
940.021172182972,5.8258,1.228e-06,5.9108,0.0092767,ltb_bl - ltb_bcg; ltb_ppd - ltb_bcg; ptb_bcg - ltb_bcg; ptb_bl - ltb_bcg; rtb_bl - ltb_bcg; rtb_ppd - ltb_bcg; sim_bl - ltb_bcg; ptb_bcg - ltb_bl; ptb_bl - ltb_bl; rtb_bl - ltb_bl; ltb_ppd - rtb_bcg; ltb_ppd - sim_bcg; ltb_ppd - sim_ppd; ptb_bcg - ptb_ppd; ptb_bcg - rtb_bcg; ptb_bcg - sim_bcg; ptb_bcg - sim_bl; ptb_bcg - sim_ppd; ptb_bl - ptb_ppd; ptb_bl - rtb_bcg; ptb_bl - sim_bcg; ptb_bl - sim_bl; ptb_bl - sim_ppd; rtb_bl - ptb_ppd; rtb_bl - rtb_bcg; rtb_bl - sim_bcg; rtb_bl - sim_bl; rtb_bl - sim_ppd; rtb_ppd - sim_ppd
1071.56217570906,5.7709,1.4098e-06,5.8508,0.0099404,ptb_bl - ltb_bcg; rtb_bcg - ltb_bcg; ptb_bl - ltb_bl; rtb_bcg - ltb_bl; ptb_bl - ltb_ppd; rtb_bcg - ltb_ppd; ptb_bl - ptb_bcg; rtb_bcg - ptb_bcg; ptb_bl - ptb_ppd; ptb_bl - rtb_bl; ptb_bl - rtb_ppd; ptb_bl - sim_bcg; ptb_bl - sim_bl; ptb_bl - sim_ppd; rtb_bcg - ptb_ppd; rtb_bcg - rtb_bl; rtb_bcg - rtb_ppd; rtb_bcg - sim_bcg; rtb_bcg - sim_bl; rtb_bcg - sim_ppd
377.192952026508,5.6462,1.9319e-06,5.714,0.01168,ptb_bcg - ltb_bcg; rtb_bcg - ltb_bcg; ptb_bcg - ltb_bl; rtb_bcg - ltb_bl; ptb_bcg - ltb_ppd; rtb_bcg - ltb_ppd; rtb_ppd - ltb_ppd; ptb_bcg - ptb_bl; ptb_bcg - ptb_ppd; ptb_bcg - rtb_bcg; ptb_bcg - rtb_bl; ptb_bcg - rtb_ppd; ptb_bcg - sim_bcg; ptb_bcg - sim_bl; ptb_bcg - sim_ppd; rtb_bcg - ptb_bl; rtb_bcg - ptb_ppd; rtb_bcg - rtb_bl; rtb_bcg - sim_bcg; rtb_bcg - sim_bl; rtb_bcg - sim_ppd; rtb_ppd - rtb_bl; rtb_ppd - sim_bl
944.481618853921,5.6447,1.9389e-06,5.7124,0.01168,ltb_ppd - ltb_bcg; ptb_bcg - ltb_bcg; ptb_bl - ltb_bcg; rtb_bcg - ltb_bcg; rtb_bl - ltb_bcg; ltb_ppd - ltb_bl; ptb_bcg - ltb_bl; ptb_bl - ltb_bl; rtb_bcg - ltb_bl; rtb_bl - ltb_bl; ltb_ppd - ptb_ppd; ltb_ppd - rtb_ppd; ltb_ppd - sim_bcg; ltb_ppd - sim_bl; ltb_ppd - sim_ppd; ptb_bcg - ptb_ppd; ptb_bcg - rtb_ppd; ptb_bcg - sim_bcg; ptb_bcg - sim_bl; ptb_bcg - sim_ppd; ptb_bl - ptb_ppd; ptb_bl - rtb_ppd; ptb_bl - sim_bcg; ptb_bl - sim_bl; ptb_bl - sim_ppd; rtb_bcg - ptb_ppd; rtb_bl - ptb_ppd; rtb_bcg - rtb_ppd; rtb_bcg - sim_bcg; rtb_bcg - sim_bl; rtb_bcg - sim_ppd; rtb_bl - rtb_ppd; rtb_bl - sim_bcg; rtb_bl - sim_bl; rtb_bl - sim_ppd
756.371327558436,5.6197,2.0661e-06,5.6848,0.01168,ptb_bcg - ltb_bcg; ltb_bcg - ptb_bl; ltb_bcg - sim_bcg; ltb_bcg - sim_bl; ltb_ppd - ltb_bl; ptb_bcg - ltb_bl; ptb_ppd - ltb_bl; rtb_bcg - ltb_bl; sim_ppd - ltb_bl; ltb_ppd - ptb_bl; ltb_ppd - rtb_ppd; ltb_ppd - sim_bcg; ltb_ppd - sim_bl; ptb_bcg - ptb_bl; ptb_bcg - rtb_bl; ptb_bcg - rtb_ppd; ptb_bcg - sim_bcg; ptb_bcg - sim_bl; ptb_ppd - ptb_bl; rtb_bcg - ptb_bl; sim_ppd - ptb_bl; ptb_ppd - rtb_ppd; ptb_ppd - sim_bcg; ptb_ppd - sim_bl; rtb_bcg - rtb_bl; rtb_bcg - rtb_ppd; rtb_bcg - sim_bcg; rtb_bcg - sim_bl; sim_ppd - rtb_ppd; sim_ppd - sim_bcg; sim_ppd - sim_bl
1343.99509799602,5.6079,2.1289e-06,5.6719,0.01168,rtb_bcg - ltb_bcg; rtb_bcg - ltb_bl; rtb_bcg - ltb_ppd; rtb_bcg - ptb_bcg; rtb_bcg - ptb_bl; rtb_bcg - ptb_ppd; rtb_bcg - rtb_bl; rtb_bcg - rtb_ppd; rtb_bcg - sim_bcg; rtb_bcg - sim_bl; rtb_bcg - sim_ppd
1153.49391513589,5.5685,2.3535e-06,5.6283,0.01168,ltb_ppd - ltb_bcg; ltb_ppd - ltb_bl; ltb_ppd - ptb_bcg; ltb_ppd - ptb_bl; ltb_ppd - ptb_ppd; ltb_ppd - rtb_bcg; ltb_ppd - rtb_bl; ltb_ppd - rtb_ppd; ltb_ppd - sim_bcg; ltb_ppd - sim_bl; ltb_ppd - sim_ppd
875.435809820723,5.5673,2.3606e-06,5.627,0.01168,ltb_ppd - ltb_bcg; ptb_bcg - ltb_bcg; rtb_bcg - ltb_bcg; sim_bcg - ltb_bcg; ltb_ppd - ltb_bl; ptb_bcg - ltb_bl; rtb_bcg - ltb_bl; ptb_bcg - ltb_ppd; ltb_ppd - ptb_bl; ltb_ppd - rtb_bl; ltb_ppd - rtb_ppd; ltb_ppd - sim_ppd; ptb_bcg - ptb_bl; ptb_bcg - ptb_ppd; ptb_bcg - rtb_bcg; ptb_bcg - rtb_bl; ptb_bcg - rtb_ppd; ptb_bcg - sim_bcg; ptb_bcg - sim_bl; ptb_bcg - sim_ppd; rtb_bcg - ptb_bl; rtb_bcg - rtb_bl; rtb_bcg - rtb_ppd; rtb_bcg - sim_bl; rtb_bcg - sim_ppd
796.401133252289,5.5429,2.5121e-06,5.6,0.01168,ltb_ppd - ltb_bcg; ptb_bcg - ltb_bcg; ptb_bl - ltb_bcg; ptb_ppd - ltb_bcg; rtb_bcg - ltb_bcg; rtb_bl - ltb_bcg; sim_bl - ltb_bcg; ltb_ppd - ltb_bl; ptb_bcg - ltb_bl; ptb_bl - ltb_bl; ptb_ppd - ltb_bl; rtb_bcg - ltb_bl; rtb_bl - ltb_bl; ltb_ppd - rtb_ppd; ltb_ppd - sim_bcg; ltb_ppd - sim_ppd; ptb_bcg - rtb_ppd; ptb_bcg - sim_bcg; ptb_bcg - sim_ppd; ptb_bl - rtb_ppd; ptb_bl - sim_bcg; ptb_bl - sim_ppd; ptb_ppd - rtb_ppd; ptb_ppd - sim_ppd; rtb_bcg - rtb_ppd; rtb_bcg - sim_ppd; rtb_bl - rtb_ppd; rtb_bl - sim_bcg; rtb_bl - sim_ppd; sim_bl - rtb_ppd
485.022591975769,5.5385,2.5401e-06,5.5951,0.01168,ptb_ppd - ltb_bcg; ptb_ppd - ltb_bl; rtb_bl - ltb_bl; ptb_ppd - ltb_ppd; rtb_bl - ltb_ppd; ptb_ppd - ptb_bcg; rtb_bl - ptb_bcg; ptb_ppd - ptb_bl; rtb_bl - ptb_bl; ptb_ppd - rtb_bcg; ptb_ppd - rtb_bl; ptb_ppd - rtb_ppd; ptb_ppd - sim_bcg; ptb_ppd - sim_bl; ptb_ppd - sim_ppd; rtb_bl - rtb_bcg; rtb_bl - rtb_ppd; rtb_bl - sim_bcg; rtb_bl - sim_ppd
734.454242420983,5.5215,2.6532e-06,5.5762,0.011692,ltb_ppd - ltb_bcg; ptb_bcg - ltb_bcg; rtb_bcg - ltb_bcg; ltb_ppd - ltb_bl; ptb_bcg - ltb_bl; rtb_bcg - ltb_bl; ptb_bcg - ltb_ppd; ltb_ppd - ptb_bl; ltb_ppd - rtb_bl; ltb_ppd - sim_bcg; ltb_ppd - sim_bl; ltb_ppd - sim_ppd; ptb_bcg - ptb_bl; ptb_bcg - ptb_ppd; ptb_bcg - rtb_bcg; ptb_bcg - rtb_bl; ptb_bcg - rtb_ppd; ptb_bcg - sim_bcg; ptb_bcg - sim_bl; ptb_bcg - sim_ppd; rtb_bcg - ptb_bl; rtb_bcg - rtb_bl; rtb_bcg - sim_bcg; rtb_bcg - sim_bl; rtb_bcg - sim_ppd
704.696062183931,5.4672,3.0482e-06,5.516,0.012882,ltb_ppd - ltb_bcg; ptb_bcg - ltb_bcg; ptb_bl - ltb_bcg; ptb_ppd - ltb_bcg; rtb_bcg - ltb_bcg; rtb_bl - ltb_bcg; rtb_ppd - ltb_bcg; sim_ppd - ltb_bcg; ltb_ppd - ltb_bl; ptb_bcg - ltb_bl; ptb_bl - ltb_bl; ptb_ppd - ltb_bl; rtb_bcg - ltb_bl; rtb_bl - ltb_bl; ltb_ppd - rtb_ppd; ltb_ppd - sim_bcg; ltb_ppd - sim_bl; ltb_ppd - sim_ppd; ptb_bcg - rtb_ppd; ptb_bcg - sim_bcg; ptb_bcg - sim_bl; ptb_bcg - sim_ppd; ptb_bl - rtb_ppd; ptb_bl - sim_bcg; ptb_bl - sim_bl; rtb_bl - rtb_ppd; rtb_bl - sim_bcg; rtb_bl - sim_bl; rtb_bl - sim_ppd
1252.90185230817,5.4445,3.2303e-06,5.4908,0.012882,ltb_ppd - ltb_bcg; ptb_bcg - ltb_bcg; ptb_bl - ltb_bcg; ltb_ppd - ltb_bl; ptb_bcg - ltb_bl; ptb_bl - ltb_bl; ptb_bcg - ltb_ppd; ltb_ppd - rtb_bcg; ltb_ppd - rtb_ppd; ltb_ppd - sim_bcg; ltb_ppd - sim_bl; ltb_ppd - sim_ppd; ptb_bcg - ptb_bl; ptb_bcg - ptb_ppd; ptb_bcg - rtb_bcg; ptb_bcg - rtb_bl; ptb_bcg - rtb_ppd; ptb_bcg - sim_bcg; ptb_bcg - sim_bl; ptb_bcg - sim_ppd; ptb_bl - rtb_bcg; ptb_bl - rtb_ppd; ptb_bl - sim_bcg; ptb_bl - sim_bl; ptb_bl - sim_ppd
681.386653712545,5.4375,3.2888e-06,5.483,0.012882,ptb_ppd - ltb_bcg; ptb_bl - ltb_bl; ptb_ppd - ltb_bl; ptb_bl - ltb_ppd; ptb_ppd - ltb_ppd; ptb_bl - ptb_bcg; ptb_ppd - ptb_bcg; ptb_bl - rtb_bcg; ptb_bl - rtb_bl; ptb_bl - sim_bcg; ptb_bl - sim_bl; ptb_bl - sim_ppd; ptb_ppd - rtb_bcg; ptb_ppd - rtb_bl; ptb_ppd - rtb_ppd; ptb_ppd - sim_bcg; ptb_ppd - sim_bl; ptb_ppd - sim_ppd
970.462837920541,5.3999,3.6227e-06,5.441,0.013683,ptb_bcg - ltb_bcg; ptb_ppd - ltb_bcg; rtb_bcg - ltb_bcg; rtb_bl - ltb_bcg; ltb_ppd - ltb_bl; ptb_bcg - ltb_bl; ptb_bl - ltb_bl; ptb_ppd - ltb_bl; rtb_bcg - ltb_bl; rtb_bl - ltb_bl; ptb_bcg - ltb_ppd; ptb_ppd - ltb_ppd; ltb_ppd - sim_bl; ptb_bcg - ptb_bl; ptb_bcg - rtb_bcg; ptb_bcg - rtb_ppd; ptb_bcg - sim_bcg; ptb_bcg - sim_bl; ptb_bcg - sim_ppd; ptb_bl - sim_bl; ptb_ppd - rtb_ppd; ptb_ppd - sim_bcg; ptb_ppd - sim_bl; ptb_ppd - sim_ppd; rtb_bcg - sim_bl; rtb_bl - rtb_ppd; rtb_bl - sim_bcg; rtb_bl - sim_bl
844.053212283309,5.3415,4.2103e-06,5.3757,0.015355,ptb_ppd - ltb_bcg; ptb_bcg - ltb_bl; ptb_ppd - ltb_bl; ptb_bcg - ltb_ppd; ptb_ppd - ltb_ppd; ptb_ppd - ptb_bcg; ptb_bcg - rtb_bcg; ptb_bcg - rtb_bl; ptb_bcg - rtb_ppd; ptb_ppd - ptb_bl; ptb_ppd - rtb_bcg; ptb_ppd - rtb_bl; ptb_ppd - rtb_ppd; ptb_ppd - sim_bcg; ptb_ppd - sim_bl; ptb_ppd - sim_ppd
969.396168950408,5.3231,4.4151e-06,5.3551,0.015565,ltb_ppd - ltb_bcg; ptb_bcg - ltb_bcg; rtb_bl - ltb_bcg; ltb_ppd - ltb_bl; ptb_bcg - ltb_bl; ltb_ppd - ptb_bcg; ltb_ppd - ptb_bl; ltb_ppd - ptb_ppd; ltb_ppd - rtb_bcg; ltb_ppd - rtb_bl; ltb_ppd - rtb_ppd; ltb_ppd - sim_bcg; ltb_ppd - sim_bl; ltb_ppd - sim_ppd; ptb_bcg - ptb_bl; ptb_bcg - rtb_bcg; ptb_bcg - rtb_ppd; ptb_bcg - sim_bcg; ptb_bcg - sim_bl; rtb_bl - ptb_bl; rtb_bl - rtb_bcg; rtb_bl - rtb_ppd; rtb_bl - sim_bcg; rtb_bl - sim_bl
705.032959378603,5.2928,4.7739e-06,5.3211,0.016287,ltb_bl - ltb_bcg; ptb_bl - ltb_bcg; sim_bl - ltb_bcg; ltb_bl - ltb_ppd; ltb_bl - ptb_bcg; ltb_bl - ptb_ppd; ltb_bl - rtb_bl; ltb_bl - rtb_ppd; ltb_bl - sim_bcg; ltb_bl - sim_ppd; ptb_bcg - ltb_ppd; ptb_bl - ltb_ppd; rtb_bcg - ltb_ppd; sim_bl - ltb_ppd; ptb_bcg - ptb_ppd; ptb_bcg - rtb_ppd; ptb_bl - ptb_ppd; ptb_bl - rtb_bl; ptb_bl - rtb_ppd; ptb_bl - sim_bcg; ptb_bl - sim_ppd; rtb_bcg - ptb_ppd; sim_bl - ptb_ppd; rtb_bcg - rtb_bl; rtb_bcg - rtb_ppd; rtb_bcg - sim_bcg; sim_bl - rtb_bl; sim_bl - rtb_ppd; sim_bl - sim_bcg; sim_bl - sim_ppd
343.943658417422,5.2295,5.6243e-06,5.2499,0.018314,ltb_ppd - ltb_bcg; ptb_bl - ltb_bcg; rtb_bl - ltb_bcg; ltb_ppd - ltb_bl; ptb_bl - ltb_bl; rtb_bl - ltb_bl; ltb_ppd - ptb_bcg; ltb_ppd - rtb_ppd; ltb_ppd - sim_bcg; ltb_ppd - sim_bl; ltb_ppd - sim_ppd; ptb_bl - ptb_bcg; rtb_bl - ptb_bcg; ptb_bl - ptb_ppd; ptb_bl - rtb_bcg; ptb_bl - rtb_ppd; ptb_bl - sim_bcg; ptb_bl - sim_bl; ptb_bl - sim_ppd; rtb_bl - ptb_ppd; rtb_bl - rtb_bcg; rtb_bl - rtb_ppd; rtb_bl - sim_bcg; rtb_bl - sim_bl; rtb_bl - sim_ppd
367.166384438989,5.2234,5.7143e-06,5.243,0.018314,ptb_bcg - ltb_bcg; ptb_bcg - ltb_bl; ptb_bcg - ltb_ppd; ptb_bcg - ptb_bl; ptb_bcg - ptb_ppd; ptb_bcg - rtb_bcg; ptb_bcg - rtb_bl; ptb_bcg - rtb_ppd; ptb_bcg - sim_bcg; ptb_bcg - sim_bl; ptb_bcg - sim_ppd
649.228746886396,5.2026,6.0315e-06,5.2196,0.018762,ptb_ppd - ltb_bcg; ptb_ppd - ltb_bl; ptb_ppd - ltb_ppd; ptb_ppd - ptb_bcg; ptb_ppd - ptb_bl; ptb_ppd - rtb_bcg; ptb_ppd - rtb_bl; ptb_ppd - rtb_ppd; ptb_ppd - sim_bcg; ptb_ppd - sim_bl; ptb_ppd - sim_ppd
404.89260217573,5.1705,6.5564e-06,5.1833,0.019812,sim_bcg - ltb_bcg; sim_bcg - ltb_bl; sim_bcg - ltb_ppd; sim_bcg - ptb_bcg; sim_bcg - ptb_bl; sim_bcg - ptb_ppd; sim_bcg - rtb_bcg; sim_bcg - rtb_bl; sim_bcg - rtb_ppd; sim_bcg - sim_bl; sim_bcg - sim_ppd
1116.93420732968,5.1309,7.2695e-06,5.1385,0.021356,ltb_ppd - ltb_bcg; ltb_ppd - ltb_bl; ltb_ppd - ptb_bcg; ltb_ppd - ptb_bl; ltb_ppd - ptb_ppd; ltb_ppd - rtb_bcg; ltb_ppd - rtb_bl; ltb_ppd - rtb_ppd; ltb_ppd - sim_bcg; ltb_ppd - sim_bl; ltb_ppd - sim_ppd
429.906627257098,5.1184,7.5097e-06,5.1244,0.021466,ltb_ppd - ltb_bcg; ptb_bcg - ltb_bcg; ptb_ppd - ltb_bcg; rtb_bcg - ltb_bcg; rtb_bl - ltb_bcg; ltb_ppd - ltb_bl; ptb_bcg - ltb_bl; ptb_ppd - ltb_bl; rtb_bcg - ltb_bl; rtb_bl - ltb_bl; ltb_ppd - ptb_bl; ltb_ppd - rtb_ppd; ltb_ppd - sim_bcg; ltb_ppd - sim_bl; ltb_ppd - sim_ppd; ptb_bcg - ptb_bl; ptb_bcg - rtb_ppd; ptb_bcg - sim_bcg; ptb_bcg - sim_bl; ptb_bcg - sim_ppd; ptb_ppd - rtb_ppd; ptb_ppd - sim_bl; ptb_ppd - sim_ppd; rtb_bcg - rtb_ppd; rtb_bcg - sim_bl; rtb_bcg - sim_ppd; rtb_bl - rtb_ppd; rtb_bl - sim_bl; rtb_bl - sim_ppd
414.466194927089,5.0837,8.2221e-06,5.085,0.022689,ltb_bl - ltb_bcg; sim_bcg - ltb_bcg; sim_bl - ltb_bcg; sim_ppd - ltb_bcg; ltb_bl - ltb_ppd; ltb_bl - ptb_bcg; ltb_bl - ptb_ppd; ltb_bl - rtb_bcg; sim_bcg - ltb_ppd; sim_bl - ltb_ppd; sim_ppd - ltb_ppd; sim_bcg - ptb_bcg; sim_bl - ptb_bcg; sim_ppd - ptb_bcg; sim_ppd - ptb_bl; sim_bcg - ptb_ppd; sim_bl - ptb_ppd; sim_ppd - ptb_ppd; sim_bcg - rtb_bcg; sim_bl - rtb_bcg; sim_ppd - rtb_bcg; sim_ppd - rtb_bl; sim_ppd - rtb_ppd
890.991250401735,5.0771,8.3668e-06,5.0774,0.022689,ptb_bcg - ltb_bcg; rtb_bcg - ltb_bcg; ptb_bcg - ltb_bl; rtb_bcg - ltb_bl; ptb_bcg - ltb_ppd; ptb_bcg - ptb_bl; ptb_bcg - ptb_ppd; ptb_bcg - rtb_bcg; ptb_bcg - rtb_bl; ptb_bcg - rtb_ppd; ptb_bcg - sim_bcg; ptb_bcg - sim_bl; ptb_bcg - sim_ppd; rtb_bcg - rtb_bl; rtb_bcg - rtb_ppd; rtb_bcg - sim_bcg; rtb_bcg - sim_bl; rtb_bcg - sim_ppd
778.417068267681,5.0544,8.8783e-06,5.0517,0.023475,ltb_bl - ltb_bcg; ptb_bcg - ltb_bcg; sim_bcg - ltb_bcg; sim_ppd - ltb_bcg; ltb_bl - ltb_ppd; ptb_bcg - ltb_bl; ltb_bl - ptb_bl; ltb_bl - rtb_ppd; sim_ppd - ltb_bl; ptb_bcg - ltb_ppd; sim_bcg - ltb_ppd; sim_ppd - ltb_ppd; ptb_bcg - ptb_bl; ptb_bcg - ptb_ppd; ptb_bcg - rtb_bcg; ptb_bcg - rtb_bl; ptb_bcg - rtb_ppd; ptb_bcg - sim_bl; sim_bcg - ptb_bl; sim_ppd - ptb_bl; sim_bcg - ptb_ppd; sim_ppd - ptb_ppd; sim_bcg - rtb_bcg; sim_ppd - rtb_bcg; sim_bcg - rtb_bl; sim_ppd - rtb_bl; sim_bcg - rtb_ppd; sim_ppd - rtb_ppd; sim_bcg - sim_bl; sim_ppd - sim_bl
528.992929150607,5.0228,9.6448e-06,5.0157,0.024879,ptb_bcg - ltb_bcg; ptb_bcg - ltb_bl; ptb_bcg - ltb_ppd; ptb_bcg - ptb_bl; ptb_bcg - ptb_ppd; ptb_bcg - rtb_bcg; ptb_bcg - rtb_bl; ptb_bcg - rtb_ppd; ptb_bcg - sim_bcg; ptb_bcg - sim_bl; ptb_bcg - sim_ppd
1146.0807989568,4.9793,1.0813e-05,4.9661,0.027229,ltb_ppd - ltb_bcg; ptb_bcg - ltb_bcg; ptb_ppd - ltb_bcg; ltb_ppd - ltb_bl; ptb_bcg - ltb_bl; ltb_ppd - ptb_bl; ltb_ppd - ptb_ppd; ltb_ppd - rtb_bcg; ltb_ppd - rtb_bl; ltb_ppd - rtb_ppd; ltb_ppd - sim_bcg; ltb_ppd - sim_bl; ltb_ppd - sim_ppd; ptb_bcg - ptb_bl; ptb_bcg - rtb_bcg; ptb_bcg - rtb_bl; ptb_bcg - rtb_ppd; ptb_bcg - sim_bcg; ptb_bcg - sim_bl; ptb_bcg - sim_ppd; ptb_ppd - rtb_ppd; ptb_ppd - sim_bcg; ptb_ppd - sim_bl; ptb_ppd - sim_ppd
326.214235854838,4.966,1.1198e-05,4.9509,0.027542,ptb_bcg - ltb_bcg; ptb_bcg - ltb_bl; ptb_bcg - ltb_ppd; ptb_bcg - ptb_bl; ptb_bcg - ptb_ppd; ptb_bcg - rtb_bcg; ptb_bcg - rtb_bl; ptb_bcg - rtb_ppd; ptb_bcg - sim_bcg; ptb_bcg - sim_bl; ptb_bcg - sim_ppd
492.024766596914,4.9447,1.1842e-05,4.9266,0.027947,ptb_bl - ltb_bcg; ltb_ppd - ltb_bl; ptb_bl - ltb_bl; ltb_ppd - ptb_bcg; ptb_bl - ltb_ppd; ltb_ppd - ptb_ppd; ltb_ppd - sim_bcg; ltb_ppd - sim_bl; ptb_bl - ptb_bcg; ptb_bl - ptb_ppd; ptb_bl - rtb_bcg; ptb_bl - rtb_bl; ptb_bl - rtb_ppd; ptb_bl - sim_bcg; ptb_bl - sim_bl; ptb_bl - sim_ppd
987.909954820579,4.9431,1.1891e-05,4.9248,0.027947,ptb_bcg - ltb_bcg; ptb_bcg - ltb_bl; ptb_bcg - ltb_ppd; ptb_bcg - ptb_bl; ptb_bcg - ptb_ppd; ptb_bcg - rtb_bcg; ptb_bcg - rtb_bl; ptb_bcg - rtb_ppd; ptb_bcg - sim_bcg; ptb_bcg - sim_bl; ptb_bcg - sim_ppd
331.255454628779,4.921,1.2606e-05,4.8994,0.028813,ptb_bcg - ltb_bcg; ptb_bcg - ltb_bl; ptb_bcg - ltb_ppd; ptb_bcg - ptb_bl; ptb_bcg - ptb_ppd; ptb_bcg - rtb_bcg; ptb_bcg - rtb_bl; ptb_bcg - rtb_ppd; ptb_bcg - sim_bcg; ptb_bcg - sim_bl; ptb_bcg - sim_ppd
1123.58911714072,4.9122,1.2902e-05,4.8893,0.028813,rtb_bcg - ltb_bcg; rtb_bcg - ltb_bl; rtb_bcg - ltb_ppd; rtb_bcg - ptb_bcg; rtb_bcg - ptb_bl; rtb_bcg - ptb_ppd; rtb_bcg - rtb_bl; rtb_bcg - rtb_ppd; rtb_bcg - sim_bcg; rtb_bcg - sim_bl; rtb_bcg - sim_ppd
882.410772573968,4.9071,1.3077e-05,4.8835,0.028813,ptb_bl - ltb_bcg; rtb_bcg - ltb_bcg; rtb_bl - ltb_bcg; ltb_ppd - ltb_bl; ptb_bl - ltb_bl; rtb_bcg - ltb_bl; rtb_bl - ltb_bl; ltb_ppd - ptb_ppd; rtb_bl - ltb_ppd; ltb_ppd - sim_bcg; ptb_bl - ptb_bcg; rtb_bcg - ptb_bcg; rtb_bl - ptb_bcg; ptb_bl - ptb_ppd; ptb_bl - sim_bcg; ptb_bl - sim_bl; ptb_bl - sim_ppd; rtb_bcg - ptb_ppd; rtb_bl - ptb_ppd; rtb_bcg - rtb_ppd; rtb_bcg - sim_bcg; rtb_bcg - sim_bl; rtb_bcg - sim_ppd; rtb_bl - rtb_ppd; rtb_bl - sim_bcg; rtb_bl - sim_bl; rtb_bl - sim_ppd
1161.95300576921,4.8897,1.3692e-05,4.8635,0.029553,ltb_bl - ltb_bcg; sim_ppd - ltb_bcg; ltb_bl - ltb_ppd; ltb_bl - ptb_bcg; ltb_bl - ptb_bl; ltb_bl - ptb_ppd; ltb_bl - rtb_bcg; ltb_bl - rtb_bl; ltb_bl - sim_bl; rtb_ppd - ltb_ppd; sim_bcg - ltb_ppd; sim_ppd - ltb_ppd; rtb_ppd - ptb_bcg; sim_bcg - ptb_bcg; sim_ppd - ptb_bcg; rtb_ppd - ptb_bl; sim_bcg - ptb_bl; sim_ppd - ptb_bl; rtb_ppd - ptb_ppd; sim_bcg - ptb_ppd; sim_ppd - ptb_ppd; rtb_ppd - rtb_bcg; sim_bcg - rtb_bcg; sim_ppd - rtb_bcg; sim_ppd - rtb_bl; sim_ppd - sim_bl
864.861983611677,4.8683,1.4487e-05,4.839,0.030644,ptb_ppd - ltb_bcg; ptb_bl - ltb_bl; ptb_ppd - ltb_bl; ptb_bl - ltb_ppd; ptb_ppd - ltb_ppd; ptb_bl - ptb_bcg; ptb_ppd - ptb_bcg; ptb_ppd - ptb_bl; ptb_bl - rtb_bcg; ptb_bl - rtb_ppd; ptb_bl - sim_bcg; ptb_bl - sim_bl; ptb_ppd - rtb_bcg; ptb_ppd - rtb_bl; ptb_ppd - rtb_ppd; ptb_ppd - sim_bcg; ptb_ppd - sim_bl; ptb_ppd - sim_ppd
910.429443072151,4.8596,1.4826e-05,4.829,0.030745,ltb_ppd - ltb_bcg; ptb_ppd - ltb_bcg; ltb_ppd - ltb_bl; ptb_ppd - ltb_bl; ltb_ppd - ptb_bcg; ltb_ppd - ptb_bl; ltb_ppd - ptb_ppd; ltb_ppd - rtb_bcg; ltb_ppd - rtb_bl; ltb_ppd - rtb_ppd; ltb_ppd - sim_bcg; ltb_ppd - sim_bl; ltb_ppd - sim_ppd; ptb_ppd - ptb_bcg; ptb_ppd - ptb_bl; ptb_ppd - rtb_bcg; ptb_ppd - rtb_ppd; ptb_ppd - sim_bcg; ptb_ppd - sim_bl; ptb_ppd - sim_ppd
1530.70290458978,4.837,1.5738e-05,4.803,0.031747,ptb_bcg - ltb_bcg; ptb_bcg - ltb_bl; ptb_bcg - ltb_ppd; ptb_bcg - ptb_bl; ptb_bcg - ptb_ppd; ptb_bcg - rtb_bcg; ptb_bcg - rtb_bl; ptb_bcg - rtb_ppd; ptb_bcg - sim_bcg; ptb_bcg - sim_bl; ptb_bcg - sim_ppd
693.565520872968,4.833,1.5909e-05,4.7983,0.031747,ltb_bl - ltb_bcg; rtb_bcg - ltb_bcg; sim_ppd - ltb_bcg; ltb_bl - ltb_ppd; ltb_bl - ptb_bcg; ltb_bl - ptb_bl; ltb_bl - ptb_ppd; ltb_bl - rtb_bl; ltb_bl - sim_bcg; ltb_bl - sim_bl; rtb_bcg - ltb_ppd; sim_ppd - ltb_ppd; rtb_bcg - ptb_bcg; sim_ppd - ptb_bcg; rtb_bcg - ptb_bl; sim_ppd - ptb_bl; rtb_bcg - ptb_ppd; rtb_ppd - ptb_ppd; sim_ppd - ptb_ppd; rtb_bcg - rtb_bl; rtb_bcg - sim_bcg; rtb_bcg - sim_bl; rtb_ppd - rtb_bl; sim_ppd - rtb_bl; sim_ppd - sim_bcg; sim_ppd - sim_bl
819.912226749972,4.8215,1.6402e-05,4.7851,0.032086,ltb_ppd - ltb_bcg; ptb_bcg - ltb_bcg; ptb_bcg - ltb_bl; ptb_bcg - ltb_ppd; ltb_ppd - ptb_ppd; ltb_ppd - rtb_bl; ltb_ppd - sim_bcg; ptb_bcg - ptb_bl; ptb_bcg - ptb_ppd; ptb_bcg - rtb_bcg; ptb_bcg - rtb_bl; ptb_bcg - rtb_ppd; ptb_bcg - sim_bcg; ptb_bcg - sim_bl; ptb_bcg - sim_ppd
799.40001645909,4.8118,1.6827e-05,4.774,0.032086,ltb_ppd - ltb_bcg; ptb_bcg - ltb_bcg; ptb_ppd - ltb_bcg; ltb_ppd - ltb_bl; ptb_bcg - ltb_bl; ptb_ppd - ltb_bl; rtb_bcg - ltb_bl; ltb_ppd - ptb_bl; ltb_ppd - rtb_bl; ltb_ppd - rtb_ppd; ltb_ppd - sim_bcg; ltb_ppd - sim_bl; ltb_ppd - sim_ppd; ptb_bcg - ptb_bl; ptb_bcg - rtb_bcg; ptb_bcg - rtb_bl; ptb_bcg - rtb_ppd; ptb_bcg - sim_bcg; ptb_bcg - sim_bl; ptb_bcg - sim_ppd; ptb_ppd - ptb_bl; rtb_bcg - ptb_bl; ptb_ppd - rtb_bl; ptb_ppd - rtb_ppd; ptb_ppd - sim_bcg; ptb_ppd - sim_bl; ptb_ppd - sim_ppd
492.331478156206,4.8017,1.7283e-05,4.7624,0.032086,ptb_bcg - ltb_bcg; ptb_bcg - ltb_bl; ptb_bcg - ltb_ppd; ptb_bcg - ptb_bl; ptb_bcg - ptb_ppd; ptb_bcg - rtb_bcg; ptb_bcg - rtb_bl; ptb_bcg - rtb_ppd; ptb_bcg - sim_bcg; ptb_bcg - sim_bl; ptb_bcg - sim_ppd
854.424525100132,4.8015,1.7293e-05,4.7621,0.032086,ltb_ppd - ltb_bcg; ptb_bcg - ltb_bcg; ptb_bl - ltb_bcg; ptb_ppd - ltb_bcg; rtb_bl - ltb_bcg; ltb_ppd - ltb_bl; ptb_bcg - ltb_bl; ptb_bl - ltb_bl; ptb_ppd - ltb_bl; rtb_bl - ltb_bl; sim_bl - ltb_bl; ltb_ppd - rtb_bcg; ltb_ppd - rtb_ppd; ltb_ppd - sim_bcg; ltb_ppd - sim_ppd; ptb_bcg - rtb_bcg; ptb_bcg - rtb_ppd; ptb_bcg - sim_bcg; ptb_bcg - sim_ppd; ptb_bl - sim_ppd; ptb_ppd - rtb_ppd; ptb_ppd - sim_ppd; rtb_bl - rtb_bcg; rtb_bl - rtb_ppd; rtb_bl - sim_ppd
1128.86709551447,4.7911,1.7777e-05,4.7502,0.032194,ptb_bcg - ltb_bcg; ltb_ppd - ltb_bl; ptb_bcg - ltb_bl; ptb_bcg - ltb_ppd; ltb_ppd - ptb_bl; ltb_ppd - ptb_ppd; ltb_ppd - rtb_ppd; ltb_ppd - sim_bcg; ltb_ppd - sim_bl; ltb_ppd - sim_ppd; ptb_bcg - ptb_bl; ptb_bcg - ptb_ppd; ptb_bcg - rtb_bcg; ptb_bcg - rtb_bl; ptb_bcg - rtb_ppd; ptb_bcg - sim_bcg; ptb_bcg - sim_bl; ptb_bcg - sim_ppd
525.500082082428,4.7789,1.8363e-05,4.7361,0.032194,sim_bcg - ltb_bcg; ltb_bl - ltb_ppd; ltb_bl - ptb_bcg; ltb_bl - ptb_bl; ltb_bl - ptb_ppd; ltb_bl - rtb_bcg; ltb_bl - rtb_bl; ltb_bl - rtb_ppd; sim_bcg - ltb_bl; ltb_bl - sim_bl; sim_bcg - ltb_ppd; sim_ppd - ltb_ppd; sim_bcg - ptb_bcg; sim_ppd - ptb_bcg; sim_bcg - ptb_bl; sim_ppd - ptb_bl; sim_bcg - ptb_ppd; sim_ppd - ptb_ppd; sim_bcg - rtb_bcg; sim_ppd - rtb_bcg; sim_bcg - rtb_bl; sim_ppd - rtb_bl; sim_bcg - rtb_ppd; sim_ppd - rtb_ppd; sim_bcg - sim_bl; sim_ppd - sim_bl
730.141440477358,4.7778,1.8416e-05,4.7348,0.032194,ptb_bl - ltb_bcg; ptb_bl - ltb_bl; ptb_bl - ltb_ppd; ptb_bl - ptb_bcg; ptb_bl - ptb_ppd; ptb_bl - rtb_bcg; ptb_bl - rtb_bl; ptb_bl - rtb_ppd; ptb_bl - sim_bcg; ptb_bl - sim_bl; ptb_bl - sim_ppd
1036.9980040087,4.7747,1.8568e-05,4.7312,0.032194,rtb_bcg - ltb_bcg; rtb_ppd - ltb_bcg; ptb_bcg - ltb_bl; rtb_bcg - ltb_bl; rtb_ppd - ltb_bl; rtb_bcg - ltb_ppd; rtb_ppd - ltb_ppd; rtb_ppd - ptb_bcg; ptb_bcg - sim_bcg; rtb_bcg - ptb_bl; rtb_ppd - ptb_bl; rtb_bcg - ptb_ppd; rtb_ppd - ptb_ppd; rtb_bcg - rtb_bl; rtb_bcg - sim_bcg; rtb_bcg - sim_bl; rtb_bcg - sim_ppd; rtb_ppd - rtb_bl; rtb_ppd - sim_bcg; rtb_ppd - sim_bl; rtb_ppd - sim_ppd
839.908216347481,4.7604,1.9288e-05,4.7147,0.032902,ltb_ppd - ltb_bcg; ptb_ppd - ltb_bcg; ltb_ppd - ltb_bl; ptb_ppd - ltb_bl; ltb_ppd - ptb_bcg; ltb_ppd - ptb_bl; ltb_ppd - ptb_ppd; ltb_ppd - rtb_bcg; ltb_ppd - rtb_bl; ltb_ppd - rtb_ppd; ltb_ppd - sim_bcg; ltb_ppd - sim_bl; ltb_ppd - sim_ppd; ptb_ppd - ptb_bcg; ptb_ppd - ptb_bl; ptb_ppd - rtb_bcg; ptb_ppd - rtb_bl; ptb_ppd - sim_bcg; ptb_ppd - sim_ppd
741.392239113753,4.7479,1.9942e-05,4.7002,0.033334,ltb_ppd - ltb_bcg; ptb_bcg - ltb_bcg; ptb_bl - ltb_bcg; ptb_ppd - ltb_bcg; rtb_bcg - ltb_bcg; rtb_bl - ltb_bcg; ltb_ppd - ltb_bl; ptb_bcg - ltb_bl; ptb_bl - ltb_bl; ptb_ppd - ltb_bl; rtb_bcg - ltb_bl; rtb_bl - ltb_bl; ltb_ppd - rtb_ppd; ltb_ppd - sim_bcg; ltb_ppd - sim_bl; ltb_ppd - sim_ppd; ptb_bcg - rtb_ppd; ptb_bcg - sim_bcg; ptb_bcg - sim_bl; ptb_bcg - sim_ppd; ptb_bl - rtb_ppd; ptb_bl - sim_ppd; ptb_ppd - rtb_ppd; ptb_ppd - sim_ppd; rtb_bcg - rtb_ppd; rtb_bcg - sim_bcg; rtb_bcg - sim_bl; rtb_bcg - sim_ppd; rtb_bl - rtb_ppd; rtb_bl - sim_bcg; rtb_bl - sim_bl; rtb_bl - sim_ppd
452.569820557972,4.7372,2.0516e-05,4.6879,0.033334,ltb_bl - ltb_bcg; sim_ppd - ltb_bcg; ltb_bl - ltb_ppd; ltb_bl - ptb_bcg; ltb_bl - ptb_bl; ltb_bl - ptb_ppd; ltb_bl - rtb_bcg; ltb_bl - rtb_bl; ltb_bl - sim_bcg; ltb_bl - sim_bl; rtb_ppd - ltb_ppd; sim_ppd - ltb_ppd; sim_ppd - ptb_bcg; rtb_ppd - ptb_bl; sim_ppd - ptb_bl; rtb_ppd - ptb_ppd; sim_ppd - ptb_ppd; rtb_ppd - rtb_bcg; sim_ppd - rtb_bcg; sim_ppd - rtb_bl; sim_ppd - sim_bcg
883.143450428412,4.7348,2.0648e-05,4.6851,0.033334,ptb_bl - ltb_bcg; rtb_bcg - ltb_bcg; ptb_bl - ltb_bl; rtb_bcg - ltb_bl; ptb_bl - ltb_ppd; rtb_bcg - ltb_ppd; ptb_bl - ptb_bcg; rtb_bcg - ptb_bcg; rtb_bcg - ptb_bl; ptb_bl - rtb_bl; ptb_bl - rtb_ppd; ptb_bl - sim_bcg; ptb_bl - sim_ppd; rtb_bcg - ptb_ppd; rtb_bcg - rtb_bl; rtb_bcg - rtb_ppd; rtb_bcg - sim_bcg; rtb_bcg - sim_bl; rtb_bcg - sim_ppd
878.936730200011,4.732,2.0802e-05,4.6819,0.033334,ptb_bcg - ltb_bcg; rtb_bcg - ltb_bcg; ltb_ppd - ltb_bl; ptb_bcg - ltb_bl; rtb_bcg - ltb_bl; ltb_ppd - ptb_ppd; rtb_bcg - ltb_ppd; ltb_ppd - sim_bl; ltb_ppd - sim_ppd; ptb_bcg - ptb_bl; ptb_bcg - ptb_ppd; ptb_bcg - rtb_bl; ptb_bcg - rtb_ppd; ptb_bcg - sim_bcg; ptb_bcg - sim_bl; ptb_bcg - sim_ppd; rtb_bcg - ptb_bl; rtb_bcg - ptb_ppd; rtb_bcg - rtb_bl; rtb_bcg - rtb_ppd; rtb_bcg - sim_bcg; rtb_bcg - sim_bl; rtb_bcg - sim_ppd
1051.85896303138,4.7121,2.1936e-05,4.6589,0.034377,ltb_ppd - ltb_bcg; ptb_bcg - ltb_bcg; rtb_bl - ltb_bcg; ltb_ppd - ltb_bl; ptb_bcg - ltb_bl; rtb_bl - ltb_bl; rtb_bl - ltb_ppd; ltb_ppd - sim_ppd; ptb_bcg - ptb_bl; ptb_bcg - ptb_ppd; ptb_bcg - rtb_bcg; ptb_bcg - rtb_ppd; ptb_bcg - sim_bcg; ptb_bcg - sim_bl; ptb_bcg - sim_ppd; rtb_bl - ptb_bl; rtb_bl - ptb_ppd; rtb_bl - rtb_bcg; rtb_bl - rtb_ppd; rtb_bl - sim_bcg; rtb_bl - sim_bl; rtb_bl - sim_ppd
491.311133814743,4.709,2.2121e-05,4.6552,0.034377,ptb_bcg - ltb_bcg; ptb_bcg - ltb_bl; ptb_bcg - ltb_ppd; ptb_bcg - ptb_bl; ptb_bcg - ptb_ppd; ptb_bcg - rtb_bcg; ptb_bcg - rtb_bl; ptb_bcg - rtb_ppd; ptb_bcg - sim_bcg; ptb_bcg - sim_bl; ptb_bcg - sim_ppd
650.330182711879,4.6947,2.2979e-05,4.6387,0.034377,ltb_bcg - ltb_bl; ltb_ppd - ltb_bcg; ltb_bcg - rtb_bl; ltb_bcg - sim_bcg; ltb_bcg - sim_bl; ltb_bcg - sim_ppd; ltb_ppd - ltb_bl; ptb_bl - ltb_bl; ptb_ppd - ltb_bl; rtb_bcg - ltb_bl; ltb_ppd - ptb_bcg; ltb_ppd - rtb_bl; ltb_ppd - rtb_ppd; ltb_ppd - sim_bcg; ltb_ppd - sim_bl; ltb_ppd - sim_ppd; rtb_bcg - ptb_bcg; ptb_bl - rtb_bl; ptb_bl - sim_bcg; ptb_bl - sim_bl; ptb_bl - sim_ppd; ptb_ppd - rtb_bl; ptb_ppd - sim_bcg; ptb_ppd - sim_bl; ptb_ppd - sim_ppd; rtb_bcg - rtb_bl; rtb_bcg - rtb_ppd; rtb_bcg - sim_bcg; rtb_bcg - sim_bl; rtb_bcg - sim_ppd
561.262307881104,4.6939,2.3025e-05,4.6378,0.034377,ltb_ppd - ltb_bcg; ptb_bcg - ltb_bcg; ptb_ppd - ltb_bcg; rtb_bcg - ltb_bcg; ltb_ppd - ltb_bl; ptb_bcg - ltb_bl; rtb_bcg - ltb_bl; ltb_ppd - ptb_bl; ltb_ppd - rtb_bl; ltb_ppd - sim_bcg; ltb_ppd - sim_bl; ptb_bcg - ptb_bl; ptb_bcg - rtb_bl; ptb_bcg - rtb_ppd; ptb_bcg - sim_bcg; ptb_bcg - sim_bl; ptb_bcg - sim_ppd; ptb_ppd - ptb_bl; rtb_bcg - ptb_bl; ptb_ppd - rtb_bl; ptb_ppd - sim_bcg; ptb_ppd - sim_bl; rtb_bcg - rtb_bl; rtb_bcg - sim_bcg; rtb_bcg - sim_bl; rtb_bcg - sim_ppd
712.826376931739,4.6874,2.3428e-05,4.6303,0.034377,ltb_bcg - ltb_bl; rtb_bl - ltb_bcg; ltb_bcg - rtb_ppd; ltb_bcg - sim_bl; ltb_bcg - sim_ppd; ptb_bl - ltb_bl; ptb_ppd - ltb_bl; rtb_bl - ltb_bl; ptb_ppd - ltb_ppd; rtb_bl - ltb_ppd; ptb_ppd - ptb_bcg; rtb_bl - ptb_bcg; ptb_bl - rtb_ppd; ptb_bl - sim_bl; ptb_bl - sim_ppd; ptb_ppd - rtb_bcg; ptb_ppd - rtb_ppd; ptb_ppd - sim_bcg; ptb_ppd - sim_bl; ptb_ppd - sim_ppd; rtb_bl - rtb_bcg; rtb_bl - rtb_ppd; rtb_bl - sim_bcg; rtb_bl - sim_bl; rtb_bl - sim_ppd
455.225507327068,4.6841,2.364e-05,4.6263,0.034377,ltb_bl - ltb_bcg; ltb_bl - ltb_ppd; ltb_bl - ptb_bcg; ltb_bl - ptb_bl; ltb_bl - ptb_ppd; ltb_bl - rtb_bcg; ltb_bl - rtb_bl; ltb_bl - rtb_ppd; ltb_bl - sim_bl; ltb_bl - sim_ppd; sim_bcg - ltb_ppd; sim_bcg - ptb_bcg; sim_bcg - ptb_bl; sim_bcg - ptb_ppd; sim_bcg - rtb_bcg; sim_bcg - rtb_bl
837.416233123761,4.6827,2.3729e-05,4.6247,0.034377,ltb_ppd - ltb_bcg; ptb_bl - ltb_bcg; rtb_bl - ltb_bcg; rtb_ppd - ltb_bcg; ltb_ppd - ltb_bl; ptb_bl - ltb_bl; rtb_bcg - ltb_bl; rtb_bl - ltb_bl; rtb_ppd - ltb_bl; ltb_ppd - sim_bl; rtb_bl - ptb_bcg; rtb_ppd - ptb_bcg; ptb_bl - sim_bcg; ptb_bl - sim_bl; rtb_bl - ptb_ppd; rtb_ppd - ptb_ppd; rtb_ppd - rtb_bcg; rtb_bcg - sim_bl; rtb_bl - sim_bcg; rtb_bl - sim_bl; rtb_bl - sim_ppd; rtb_ppd - sim_bcg; rtb_ppd - sim_bl; rtb_ppd - sim_ppd; sim_ppd - sim_bl
874.934729448517,4.6641,2.4936e-05,4.6032,0.03485,ltb_ppd - ltb_bcg; ptb_bl - ltb_bcg; ptb_ppd - ltb_bcg; rtb_bl - ltb_bcg; sim_bl - ltb_bcg; sim_ppd - ltb_bcg; ltb_ppd - ltb_bl; ptb_bl - ltb_bl; ptb_ppd - ltb_bl; rtb_bl - ltb_bl; ltb_ppd - ptb_bcg; ltb_ppd - rtb_bcg; ltb_ppd - rtb_ppd; ltb_ppd - sim_bcg; ltb_ppd - sim_bl; ptb_ppd - ptb_bcg; rtb_bl - ptb_bcg; ptb_ppd - rtb_ppd; ptb_ppd - sim_bcg; rtb_bl - rtb_bcg; rtb_bl - rtb_ppd; rtb_bl - sim_bcg; rtb_bl - sim_bl
582.916058457869,4.663,2.501e-05,4.6019,0.03485,ltb_bcg - ltb_ppd; ltb_bcg - ptb_bcg; ltb_bcg - ptb_bl; ltb_bcg - rtb_bcg; ltb_bcg - rtb_bl; ltb_bl - ltb_ppd; ltb_bl - ptb_bcg; ltb_bl - ptb_bl; ltb_bl - rtb_bcg; ltb_bl - rtb_bl; ptb_ppd - ltb_ppd; rtb_ppd - ltb_ppd; sim_bcg - ltb_ppd; sim_bl - ltb_ppd; sim_ppd - ltb_ppd; rtb_ppd - ptb_bcg; sim_ppd - ptb_bcg; rtb_ppd - ptb_bl; sim_bcg - ptb_bl; sim_ppd - ptb_bl; ptb_ppd - rtb_bcg; ptb_ppd - rtb_bl; rtb_ppd - rtb_bcg; sim_bcg - rtb_bcg; sim_bl - rtb_bcg; sim_ppd - rtb_bcg; rtb_ppd - rtb_bl; sim_bcg - rtb_bl; sim_bl - rtb_bl; sim_ppd - rtb_bl
353.204563231734,4.6625,2.5043e-05,4.6013,0.03485,ltb_bl - ltb_bcg; ltb_bcg - ltb_ppd; ltb_bcg - ptb_bl; ltb_bcg - ptb_ppd; ltb_bcg - rtb_bcg; ltb_bcg - rtb_bl; ltb_bl - ltb_ppd; ltb_bl - ptb_bcg; ltb_bl - ptb_bl; ltb_bl - ptb_ppd; ltb_bl - rtb_bcg; ltb_bl - rtb_bl; ltb_bl - rtb_ppd; ltb_bl - sim_bcg; ltb_bl - sim_bl; sim_bcg - ltb_ppd; sim_ppd - ltb_ppd; sim_bcg - ptb_bl; sim_ppd - ptb_bl; sim_bcg - ptb_ppd; sim_ppd - ptb_ppd; sim_bcg - rtb_bcg; sim_ppd - rtb_bcg; sim_bcg - rtb_bl; sim_ppd - rtb_bl
1056.48148022757,4.6501,2.5887e-05,4.5869,0.035312,ltb_bcg - ltb_ppd; ltb_bcg - ptb_bcg; ltb_bcg - ptb_bl; ltb_bcg - ptb_ppd; ltb_bcg - rtb_bcg; ltb_bcg - rtb_bl; ltb_bl - ltb_ppd; ltb_bl - ptb_bcg; ltb_bl - ptb_bl; ltb_bl - ptb_ppd; ltb_bl - rtb_bcg; ltb_bl - rtb_bl; rtb_ppd - ltb_ppd; sim_bcg - ltb_ppd; sim_ppd - ltb_ppd; rtb_ppd - ptb_bcg; sim_bcg - ptb_bcg; sim_ppd - ptb_bcg; rtb_ppd - ptb_bl; sim_bcg - ptb_bl; sim_ppd - ptb_bl; rtb_ppd - ptb_ppd; sim_bcg - ptb_ppd; sim_ppd - ptb_ppd; rtb_ppd - rtb_bcg; sim_bcg - rtb_bcg; sim_ppd - rtb_bcg; rtb_ppd - rtb_bl; sim_bcg - rtb_bl; sim_ppd - rtb_bl; sim_bcg - sim_bl
937.486495198499,4.6478,2.6043e-05,4.5843,0.035312,ptb_bcg - ltb_bcg; ptb_ppd - ltb_bcg; rtb_bcg - ltb_bcg; rtb_bl - ltb_bcg; rtb_ppd - ltb_bcg; sim_bl - ltb_bcg; ptb_bcg - ltb_bl; ptb_ppd - ltb_bl; rtb_bl - ltb_bl; rtb_ppd - ltb_bl; sim_bl - ltb_bl; ptb_ppd - ltb_ppd; sim_bl - ltb_ppd; ptb_bcg - ptb_bl; ptb_bcg - sim_ppd; ptb_ppd - ptb_bl; rtb_bl - ptb_bl; rtb_ppd - ptb_bl; sim_bl - ptb_bl; ptb_ppd - sim_bcg; ptb_ppd - sim_ppd; sim_bl - rtb_bcg; rtb_bcg - sim_ppd; rtb_bl - sim_ppd; rtb_ppd - sim_ppd; sim_bl - sim_bcg; sim_bl - sim_ppd
888.359330506256,4.6408,2.654e-05,4.5761,0.03553,ltb_ppd - ltb_bcg; ptb_bl - ltb_bcg; rtb_bl - ltb_bcg; ltb_ppd - ltb_bl; ptb_bl - ltb_bl; rtb_bl - ltb_bl; ltb_ppd - ptb_bcg; ltb_ppd - ptb_ppd; ltb_ppd - rtb_bcg; ltb_ppd - rtb_bl; ltb_ppd - rtb_ppd; ltb_ppd - sim_bcg; ltb_ppd - sim_bl; ltb_ppd - sim_ppd; ptb_bl - ptb_bcg; ptb_bl - rtb_bcg; ptb_bl - sim_bcg; ptb_bl - sim_bl; ptb_bl - sim_ppd; ptb_ppd - rtb_bcg; ptb_ppd - sim_bcg; rtb_bl - rtb_bcg; rtb_bl - sim_bcg
663.062542001623,4.624,2.7755e-05,4.5567,0.03567,ltb_bl - ltb_bcg; sim_bl - ltb_bcg; ltb_bl - ltb_ppd; ltb_bl - ptb_bcg; ltb_bl - ptb_bl; ltb_bl - ptb_ppd; ltb_bl - rtb_bcg; ltb_bl - rtb_bl; ltb_bl - rtb_ppd; ltb_bl - sim_bcg; sim_bl - ltb_ppd; sim_bl - ptb_bcg; sim_bl - ptb_bl; sim_bl - ptb_ppd; sim_bl - rtb_bcg; sim_bl - rtb_bl; sim_bl - rtb_ppd; sim_bl - sim_bcg
1009.08236440849,4.6233,2.7811e-05,4.5558,0.03567,ltb_ppd - ltb_bcg; ptb_bcg - ltb_bcg; ptb_bl - ltb_bcg; rtb_ppd - ltb_bcg; ptb_bcg - ltb_bl; ptb_bl - ltb_bl; ptb_bcg - ltb_ppd; ptb_bcg - ptb_bl; ptb_bcg - ptb_ppd; ptb_bcg - rtb_bcg; ptb_bcg - rtb_bl; ptb_bcg - rtb_ppd; ptb_bcg - sim_bcg; ptb_bcg - sim_bl; ptb_bcg - sim_ppd; ptb_bl - ptb_ppd; ptb_bl - rtb_bl; ptb_bl - sim_bcg; ptb_bl - sim_bl; ptb_bl - sim_ppd
810.131699984996,4.6221,2.7899e-05,4.5544,0.03567,ltb_ppd - ltb_bcg; rtb_bl - ltb_bcg; ltb_ppd - ltb_bl; rtb_bl - ltb_bl; ltb_ppd - ptb_bcg; ltb_ppd - ptb_bl; ltb_ppd - ptb_ppd; ltb_ppd - rtb_bcg; ltb_ppd - rtb_ppd; ltb_ppd - sim_bcg; ltb_ppd - sim_bl; ltb_ppd - sim_ppd; rtb_bl - ptb_bcg; rtb_bl - ptb_bl; ptb_bl - sim_ppd; rtb_bl - ptb_ppd; rtb_bl - rtb_bcg; rtb_bcg - sim_ppd; rtb_bl - rtb_ppd; rtb_bl - sim_bcg; rtb_bl - sim_bl; rtb_bl - sim_ppd
368.159768062221,4.6208,2.7993e-05,4.5529,0.03567,sim_bl - ltb_bcg; sim_ppd - ltb_bcg; ltb_bl - ltb_ppd; ltb_bl - ptb_bcg; ltb_bl - ptb_bl; ltb_bl - rtb_bcg; sim_bl - ltb_bl; rtb_ppd - ltb_ppd; sim_bcg - ltb_ppd; sim_bl - ltb_ppd; sim_ppd - ltb_ppd; rtb_ppd - ptb_bcg; sim_bcg - ptb_bcg; sim_bl - ptb_bcg; sim_ppd - ptb_bcg; rtb_ppd - ptb_bl; sim_bcg - ptb_bl; sim_bl - ptb_bl; sim_ppd - ptb_bl; sim_bl - ptb_ppd; sim_ppd - ptb_ppd; rtb_ppd - rtb_bcg; sim_bcg - rtb_bcg; sim_bl - rtb_bcg; sim_ppd - rtb_bcg; sim_bl - rtb_bl; sim_ppd - rtb_bl; sim_bl - rtb_ppd; sim_bl - sim_bcg
1130.54420495125,4.5997,2.9622e-05,4.5284,0.037296,ptb_bcg - ltb_bcg; ptb_bl - ltb_bcg; ptb_bcg - ltb_bl; ptb_bl - ltb_bl; ptb_bcg - ltb_ppd; ptb_bcg - ptb_bl; ptb_bcg - ptb_ppd; ptb_bcg - rtb_bcg; ptb_bcg - rtb_bl; ptb_bcg - rtb_ppd; ptb_bcg - sim_bcg; ptb_bcg - sim_bl; ptb_bcg - sim_ppd; ptb_bl - rtb_ppd; ptb_bl - sim_bl
1064.58590537929,4.5878,3.0586e-05,4.5145,0.038056,ltb_ppd - ltb_bcg; ptb_ppd - ltb_bcg; ltb_ppd - ltb_bl; ptb_ppd - ltb_bl; ltb_ppd - ptb_bl; ltb_ppd - rtb_bcg; ltb_ppd - rtb_ppd; ltb_ppd - sim_bcg; ltb_ppd - sim_bl; ltb_ppd - sim_ppd; ptb_ppd - ptb_bcg; ptb_ppd - ptb_bl; ptb_ppd - rtb_bcg; ptb_ppd - rtb_bl; ptb_ppd - rtb_ppd; ptb_ppd - sim_bcg; ptb_ppd - sim_bl; ptb_ppd - sim_ppd
382.883781525452,4.5713,3.1973e-05,4.4952,0.03902,ltb_bcg - ltb_bl; ltb_bcg - rtb_bl; ltb_bcg - sim_bcg; ltb_bcg - sim_bl; ltb_bcg - sim_ppd; ltb_ppd - ltb_bl; ptb_bcg - ltb_bl; ptb_ppd - ltb_bl; rtb_bcg - ltb_bl; ltb_ppd - rtb_bl; ltb_ppd - sim_bcg; ltb_ppd - sim_bl; ltb_ppd - sim_ppd; ptb_bcg - ptb_bl; ptb_bcg - rtb_bl; ptb_bcg - rtb_ppd; ptb_bcg - sim_bcg; ptb_bcg - sim_bl; ptb_bcg - sim_ppd; ptb_bl - sim_bcg; ptb_bl - sim_bl; ptb_ppd - rtb_bl; ptb_ppd - sim_bcg; ptb_ppd - sim_bl; ptb_ppd - sim_ppd; rtb_bcg - rtb_bl; rtb_bcg - rtb_ppd; rtb_bcg - sim_bcg; rtb_bcg - sim_bl; rtb_bcg - sim_ppd
1176.12070978012,4.5698,3.2098e-05,4.4935,0.03902,ptb_bcg - ltb_bcg; ptb_bl - ltb_bcg; rtb_bcg - ltb_bcg; ptb_bcg - ltb_bl; ptb_bl - ltb_bl; rtb_bcg - ltb_bl; ptb_bcg - ltb_ppd; ptb_bcg - ptb_bl; ptb_bcg - ptb_ppd; ptb_bcg - rtb_bcg; ptb_bcg - rtb_bl; ptb_bcg - rtb_ppd; ptb_bcg - sim_bcg; ptb_bcg - sim_bl; ptb_bcg - sim_ppd; ptb_bl - ptb_ppd; ptb_bl - rtb_ppd; rtb_bcg - ptb_ppd; rtb_bcg - rtb_ppd; rtb_bcg - sim_bcg; rtb_bcg - sim_bl
1396.63033962812,4.5491,3.3935e-05,4.4694,0.040784,ltb_ppd - ltb_bcg; ptb_bcg - ltb_bcg; ptb_bl - ltb_bcg; ptb_ppd - ltb_bcg; ltb_ppd - ltb_bl; ptb_bcg - ltb_bl; ptb_bl - ltb_bl; ptb_ppd - ltb_bl; ltb_ppd - rtb_ppd; ltb_ppd - sim_bcg; ltb_ppd - sim_bl; ltb_ppd - sim_ppd; ptb_bcg - rtb_ppd; ptb_bcg - sim_bcg; ptb_bcg - sim_bl; ptb_bcg - sim_ppd; ptb_bl - rtb_ppd; ptb_bl - sim_bcg; ptb_bl - sim_bl; ptb_bl - sim_ppd; ptb_ppd - rtb_bcg; ptb_ppd - rtb_bl; ptb_ppd - rtb_ppd; ptb_ppd - sim_bcg; ptb_ppd - sim_bl; ptb_ppd - sim_ppd
854.555059497859,4.5252,3.6184e-05,4.4415,0.041972,ltb_ppd - ltb_bcg; rtb_bcg - ltb_bcg; ltb_ppd - ltb_bl; rtb_bcg - ltb_bl; rtb_bcg - ltb_ppd; ltb_ppd - rtb_bl; ltb_ppd - sim_bcg; ltb_ppd - sim_bl; ltb_ppd - sim_ppd; rtb_bcg - ptb_bcg; rtb_bcg - ptb_bl; rtb_bcg - ptb_ppd; rtb_bcg - rtb_bl; rtb_bcg - rtb_ppd; rtb_bcg - sim_bcg; rtb_bcg - sim_bl; rtb_bcg - sim_ppd
628.499451481625,4.524,3.6302e-05,4.4401,0.041972,ltb_bcg - ltb_bl; ltb_bcg - ltb_ppd; ptb_bcg - ltb_bcg; ltb_bcg - ptb_ppd; ltb_bcg - rtb_ppd; ltb_bcg - sim_bcg; ltb_bcg - sim_bl; ltb_bcg - sim_ppd; ptb_bcg - ltb_bl; rtb_bcg - ltb_bl; rtb_bl - ltb_bl; ptb_bcg - ltb_ppd; rtb_bcg - ltb_ppd; rtb_bl - ltb_ppd; ptb_bcg - ptb_bl; ptb_bcg - ptb_ppd; ptb_bcg - rtb_ppd; ptb_bcg - sim_bcg; ptb_bcg - sim_bl; ptb_bcg - sim_ppd; rtb_bcg - ptb_ppd; rtb_bl - ptb_ppd; rtb_bcg - rtb_ppd; rtb_bcg - sim_bcg; rtb_bcg - sim_bl; rtb_bcg - sim_ppd; rtb_bl - rtb_ppd; rtb_bl - sim_bcg; rtb_bl - sim_bl; rtb_bl - sim_ppd
346.91849476532,4.5181,3.6883e-05,4.4332,0.041972,rtb_bcg - ltb_bcg; rtb_bcg - ltb_bl; rtb_bcg - ltb_ppd; rtb_bcg - ptb_bcg; ptb_bcg - sim_bl; ptb_bcg - sim_ppd; rtb_bcg - ptb_bl; rtb_bcg - ptb_ppd; rtb_bcg - rtb_bl; rtb_bcg - rtb_ppd; rtb_bcg - sim_bcg; rtb_bcg - sim_bl; rtb_bcg - sim_ppd
759.607207526446,4.5176,3.6937e-05,4.4325,0.041972,ptb_bl - ltb_bcg; ptb_ppd - ltb_bcg; ltb_ppd - ltb_bl; ptb_bl - ltb_bl; ptb_ppd - ltb_bl; ltb_ppd - ptb_bcg; ptb_bl - ltb_ppd; ltb_ppd - rtb_ppd; ltb_ppd - sim_bcg; ltb_ppd - sim_bl; ltb_ppd - sim_ppd; ptb_bl - ptb_bcg; ptb_ppd - ptb_bcg; ptb_bl - rtb_bcg; ptb_bl - rtb_bl; ptb_bl - rtb_ppd; ptb_bl - sim_bcg; ptb_bl - sim_bl; ptb_bl - sim_ppd; ptb_ppd - rtb_ppd; ptb_ppd - sim_bcg; ptb_ppd - sim_bl; ptb_ppd - sim_ppd
807.272057772134,4.5114,3.7562e-05,4.4253,0.041972,ltb_bcg - ltb_ppd; ltb_bcg - ptb_bcg; ltb_bcg - ptb_ppd; ltb_bcg - rtb_bcg; ltb_bl - ltb_ppd; ltb_bl - ptb_bcg; ltb_bl - ptb_bl; ltb_bl - ptb_ppd; ltb_bl - rtb_bcg; ltb_bl - rtb_bl; rtb_ppd - ltb_ppd; sim_bcg - ltb_ppd; sim_bl - ltb_ppd; sim_ppd - ltb_ppd; rtb_ppd - ptb_bcg; sim_bcg - ptb_bcg; sim_bl - ptb_bcg; sim_ppd - ptb_bcg; sim_bcg - ptb_bl; sim_ppd - ptb_bl; rtb_ppd - ptb_ppd; sim_bcg - ptb_ppd; sim_bl - ptb_ppd; sim_ppd - ptb_ppd; rtb_ppd - rtb_bcg; sim_bcg - rtb_bcg; sim_bl - rtb_bcg; sim_ppd - rtb_bcg; sim_bcg - rtb_bl; sim_ppd - rtb_bl
526.963699897528,4.5092,3.778e-05,4.4227,0.041972,ltb_bcg - ltb_ppd; ltb_bcg - ptb_bcg; ltb_bcg - rtb_bl; ltb_bcg - rtb_ppd; ltb_bcg - sim_bl; ltb_bcg - sim_ppd; ptb_bl - ltb_bl; ptb_ppd - ltb_bl; ltb_bl - rtb_bl; ltb_bl - rtb_ppd; ltb_bl - sim_bl; ltb_bl - sim_ppd; ptb_bl - ltb_ppd; ptb_ppd - ltb_ppd; ptb_bl - ptb_bcg; ptb_ppd - ptb_bcg; ptb_bl - rtb_bl; ptb_bl - rtb_ppd; ptb_bl - sim_bcg; ptb_bl - sim_bl; ptb_bl - sim_ppd; ptb_ppd - rtb_bl; ptb_ppd - rtb_ppd; ptb_ppd - sim_bcg; ptb_ppd - sim_bl; ptb_ppd - sim_ppd; rtb_bcg - rtb_bl; rtb_bcg - rtb_ppd; rtb_bcg - sim_bl; rtb_bcg - sim_ppd
712.097798907024,4.5084,3.7862e-05,4.4218,0.041972,ltb_ppd - ltb_bcg; ptb_bcg - ltb_bcg; ptb_ppd - ltb_bcg; rtb_bcg - ltb_bcg; rtb_bl - ltb_bcg; ltb_ppd - ltb_bl; ptb_bcg - ltb_bl; ptb_ppd - ltb_bl; rtb_bl - ltb_bl; ltb_ppd - sim_bcg; ltb_ppd - sim_ppd; ptb_bcg - ptb_bl; ptb_bcg - rtb_bcg; ptb_bcg - rtb_ppd; ptb_bcg - sim_bcg; ptb_bcg - sim_bl; ptb_bcg - sim_ppd; rtb_bl - ptb_bl; ptb_ppd - sim_bcg; ptb_ppd - sim_ppd; rtb_bcg - sim_ppd; rtb_bl - sim_bcg; rtb_bl - sim_ppd; rtb_ppd - sim_ppd; sim_bl - sim_ppd
335.182858479273,4.5061,3.8098e-05,4.4191,0.041972,ltb_bl - ltb_bcg; sim_bcg - ltb_bcg; sim_ppd - ltb_bcg; ltb_bl - ltb_ppd; ltb_bl - ptb_bcg; ltb_bl - ptb_bl; ltb_bl - ptb_ppd; ltb_bl - rtb_bcg; ltb_bl - rtb_bl; ltb_bl - rtb_ppd; sim_bcg - ltb_ppd; sim_bl - ltb_ppd; sim_ppd - ltb_ppd; sim_bcg - ptb_bcg; sim_bl - ptb_bcg; sim_ppd - ptb_bcg; sim_bcg - ptb_bl; sim_ppd - ptb_bl; sim_bcg - ptb_ppd; sim_bl - ptb_ppd; sim_ppd - ptb_ppd; sim_bcg - rtb_bcg; sim_ppd - rtb_bcg; sim_bcg - rtb_bl; sim_bl - rtb_bl; sim_ppd - rtb_bl
780.593002381494,4.5019,3.8527e-05,4.4142,0.042007,rtb_bcg - ltb_bcg; rtb_bl - ltb_bcg; rtb_bcg - ltb_bl; rtb_bl - ltb_bl; rtb_bcg - ltb_ppd; rtb_bl - ltb_ppd; rtb_bcg - ptb_bcg; rtb_bl - ptb_bcg; rtb_bcg - ptb_bl; rtb_bl - ptb_bl; rtb_bcg - ptb_ppd; rtb_bl - ptb_ppd; rtb_bcg - rtb_ppd; rtb_bcg - sim_bcg; rtb_bcg - sim_bl; rtb_bcg - sim_ppd; rtb_bl - rtb_ppd; rtb_bl - sim_bcg; rtb_bl - sim_bl; rtb_bl - sim_ppd
946.427781163866,4.4931,3.9457e-05,4.4039,0.042311,ltb_ppd - ltb_bcg; ptb_ppd - ltb_bcg; rtb_bl - ltb_bcg; sim_bl - ltb_bcg; ltb_ppd - ltb_bl; ptb_ppd - ltb_bl; rtb_bl - ltb_bl; sim_bl - ltb_bl; ltb_ppd - ptb_bcg; ltb_ppd - ptb_bl; ltb_ppd - rtb_bcg; ltb_ppd - rtb_ppd; ltb_ppd - sim_bcg; ltb_ppd - sim_bl; ltb_ppd - sim_ppd; rtb_bl - ptb_bcg; rtb_bl - ptb_bl; ptb_ppd - rtb_bcg; ptb_ppd - rtb_ppd; ptb_ppd - sim_bcg; rtb_bl - rtb_bcg; rtb_bl - rtb_ppd; rtb_bl - sim_bcg; rtb_bl - sim_ppd
391.284104464357,4.4917,3.9606e-05,4.4022,0.042311,ltb_ppd - ltb_bcg; ptb_bcg - ltb_bcg; ptb_bl - ltb_bcg; ptb_ppd - ltb_bcg; rtb_bcg - ltb_bcg; rtb_bl - ltb_bcg; ltb_ppd - ltb_bl; ptb_bcg - ltb_bl; ptb_bl - ltb_bl; ptb_ppd - ltb_bl; rtb_bcg - ltb_bl; rtb_bl - ltb_bl; ltb_ppd - rtb_ppd; ltb_ppd - sim_bcg; ltb_ppd - sim_bl; ltb_ppd - sim_ppd; ptb_bcg - rtb_ppd; ptb_bcg - sim_bl; ptb_bcg - sim_ppd; ptb_bl - rtb_ppd; ptb_bl - sim_bcg; ptb_bl - sim_bl; ptb_bl - sim_ppd; ptb_ppd - rtb_ppd; ptb_ppd - sim_bcg; ptb_ppd - sim_bl; ptb_ppd - sim_ppd; rtb_bcg - rtb_ppd; rtb_bcg - sim_bcg; rtb_bcg - sim_bl; rtb_bcg - sim_ppd; rtb_bl - rtb_ppd; rtb_bl - sim_bl; rtb_bl - sim_ppd
304.248029961676,4.4876,4.0044e-05,4.3975,0.042351,ltb_ppd - ltb_bcg; ptb_bcg - ltb_bcg; ptb_bl - ltb_bcg; ptb_ppd - ltb_bcg; rtb_bcg - ltb_bcg; rtb_bl - ltb_bcg; rtb_ppd - ltb_bcg; sim_bcg - ltb_bcg; sim_bl - ltb_bcg; sim_ppd - ltb_bcg; ltb_ppd - ltb_bl; ptb_bcg - ltb_bl; ptb_bl - ltb_bl; ptb_ppd - ltb_bl; rtb_bcg - ltb_bl; rtb_bl - ltb_bl; rtb_ppd - ltb_bl; sim_bcg - ltb_bl; sim_bl - ltb_bl; sim_ppd - ltb_bl
1095.07500758174,4.4753,4.1393e-05,4.3831,0.042806,ptb_bcg - ltb_bcg; rtb_bcg - ltb_bcg; ptb_bcg - ltb_bl; ptb_bcg - ltb_ppd; ptb_bcg - ptb_bl; ptb_bcg - ptb_ppd; ptb_bcg - rtb_bcg; ptb_bcg - rtb_bl; ptb_bcg - rtb_ppd; ptb_bcg - sim_bcg; ptb_bcg - sim_bl; ptb_bcg - sim_ppd
985.201584565791,4.4683,4.2185e-05,4.3748,0.042806,ltb_ppd - ltb_bcg; ptb_bcg - ltb_bcg; ltb_ppd - ltb_bl; ptb_bcg - ltb_bl; ltb_ppd - ptb_bl; ltb_ppd - ptb_ppd; ltb_ppd - rtb_bl; ltb_ppd - rtb_ppd; ltb_ppd - sim_bcg; ltb_ppd - sim_bl; ptb_bcg - ptb_bl; ptb_bcg - ptb_ppd; ptb_bcg - rtb_bcg; ptb_bcg - rtb_bl; ptb_bcg - rtb_ppd; ptb_bcg - sim_bcg; ptb_bcg - sim_bl; ptb_bcg - sim_ppd
662.934514452996,4.4672,4.2308e-05,4.3736,0.042806,ltb_bcg - ltb_ppd; ltb_bcg - rtb_ppd; ltb_bcg - sim_ppd; ltb_bl - ltb_ppd; ltb_bl - ptb_bcg; ltb_bl - ptb_ppd; ltb_bl - rtb_bcg; ltb_bl - rtb_ppd; ltb_bl - sim_ppd; rtb_bl - ltb_ppd; sim_bcg - ltb_ppd; sim_bl - ltb_ppd; rtb_bl - ptb_bcg; sim_bcg - ptb_bcg; sim_bl - ptb_bcg; rtb_bl - ptb_bl; sim_bcg - ptb_bl; rtb_bl - ptb_ppd; sim_bcg - ptb_ppd; rtb_bl - rtb_bcg; sim_bcg - rtb_bcg; rtb_bl - rtb_ppd; rtb_bl - sim_ppd; sim_bcg - rtb_ppd; sim_bl - rtb_ppd; sim_bcg - sim_ppd; sim_bl - sim_ppd
424.574964105425,4.4654,4.2514e-05,4.3715,0.042806,ltb_bcg - ltb_ppd; ltb_bcg - ptb_bcg; ltb_bcg - ptb_bl; ltb_bcg - rtb_bcg; ltb_bcg - rtb_bl; ltb_bcg - rtb_ppd; ltb_bcg - sim_ppd; ltb_bl - ltb_ppd; ltb_bl - ptb_bcg; ltb_bl - ptb_bl; ltb_bl - rtb_bcg; ltb_bl - rtb_ppd; sim_bcg - ltb_bl; ltb_bl - sim_ppd; sim_bcg - ltb_ppd; sim_bl - ltb_ppd; sim_bcg - ptb_bcg; sim_bl - ptb_bcg; sim_bcg - ptb_bl; sim_bl - ptb_bl; sim_bcg - ptb_ppd; sim_bcg - rtb_bcg; sim_bl - rtb_bcg; sim_bcg - rtb_bl; sim_bcg - rtb_ppd; sim_bl - rtb_ppd; sim_bcg - sim_ppd; sim_bl - sim_ppd
515.978308734374,4.4611,4.3012e-05,4.3664,0.042806,ltb_bl - ltb_bcg; ltb_bl - ltb_ppd; ltb_bl - ptb_bcg; ltb_bl - ptb_bl; ltb_bl - ptb_ppd; ltb_bl - rtb_bcg; ltb_bl - rtb_bl; ltb_bl - rtb_ppd; ltb_bl - sim_bcg; ltb_bl - sim_bl; ltb_bl - sim_ppd
1133.77912021277,4.4588,4.3276e-05,4.3637,0.042806,ptb_bcg - ltb_bcg; ptb_bl - ltb_bcg; rtb_bcg - ltb_bcg; ptb_bcg - ltb_bl; ptb_bl - ltb_bl; rtb_bcg - ltb_bl; ptb_bcg - ltb_ppd; ptb_bcg - ptb_ppd; ptb_bcg - rtb_bl; ptb_bcg - rtb_ppd; ptb_bcg - sim_bcg; ptb_bcg - sim_bl; ptb_bcg - sim_ppd; ptb_bl - rtb_ppd; ptb_bl - sim_bcg; ptb_bl - sim_bl; ptb_bl - sim_ppd; rtb_bcg - rtb_ppd; rtb_bcg - sim_bcg; rtb_bcg - sim_bl; rtb_bcg - sim_ppd
857.119054791695,4.4573,4.3455e-05,4.362,0.042806,ltb_ppd - ltb_bcg; rtb_bcg - ltb_bcg; rtb_bl - ltb_bcg; ltb_ppd - ltb_bl; ptb_bl - ltb_bl; rtb_bcg - ltb_bl; rtb_bl - ltb_bl; ltb_ppd - ptb_ppd; ltb_ppd - rtb_ppd; ltb_ppd - sim_bl; ltb_ppd - sim_ppd; rtb_bcg - ptb_bcg; ptb_bcg - sim_ppd; rtb_bcg - ptb_bl; ptb_bl - sim_ppd; rtb_bcg - ptb_ppd; rtb_bl - ptb_ppd; rtb_bcg - rtb_ppd; rtb_bcg - sim_bcg; rtb_bcg - sim_bl; rtb_bcg - sim_ppd; rtb_bl - rtb_ppd; rtb_bl - sim_bcg; rtb_bl - sim_bl; rtb_bl - sim_ppd
661.09934233865,4.4551,4.3713e-05,4.3594,0.042806,ltb_bl - ltb_bcg; sim_bl - ltb_bcg; ltb_bl - ltb_ppd; ltb_bl - ptb_bcg; ltb_bl - ptb_bl; ltb_bl - ptb_ppd; ltb_bl - rtb_bcg; ltb_bl - rtb_bl; ltb_bl - rtb_ppd; ltb_bl - sim_bcg; ltb_bl - sim_ppd; sim_bl - ltb_ppd; sim_bl - ptb_ppd; sim_bl - rtb_bcg; sim_bl - rtb_ppd; sim_bl - sim_bcg
1233.21944955579,4.4497,4.4352e-05,4.3531,0.043034,ptb_ppd - ltb_bcg; ptb_ppd - ltb_bl; ptb_ppd - ltb_ppd; ptb_ppd - ptb_bcg; ptb_ppd - ptb_bl; ptb_ppd - rtb_bcg; ptb_ppd - rtb_bl; ptb_ppd - rtb_ppd; ptb_ppd - sim_bcg; ptb_ppd - sim_bl; ptb_ppd - sim_ppd
1128.5604672831,4.4331,4.6388e-05,4.3336,0.044123,ptb_bcg - ltb_bcg; ptb_ppd - ltb_bcg; ptb_bcg - ltb_bl; ptb_ppd - ltb_bl; ptb_bcg - ltb_ppd; ptb_ppd - ltb_ppd; ptb_bcg - ptb_bl; ptb_bcg - rtb_bcg; ptb_bcg - rtb_bl; ptb_bcg - rtb_ppd; ptb_bcg - sim_bcg; ptb_bcg - sim_bl; ptb_bcg - sim_ppd; ptb_ppd - ptb_bl; ptb_ppd - rtb_bcg; ptb_ppd - rtb_bl; ptb_ppd - rtb_ppd; ptb_ppd - sim_bcg; ptb_ppd - sim_bl; ptb_ppd - sim_ppd
987.47737151368,4.4301,4.6773e-05,4.33,0.044123,ltb_ppd - ltb_bcg; ptb_bcg - ltb_bcg; ptb_bl - ltb_bcg; ltb_ppd - ltb_bl; ptb_bcg - ltb_bl; ptb_bl - ltb_bl; ltb_ppd - sim_bl; ptb_bcg - ptb_ppd; ptb_bcg - rtb_bcg; ptb_bcg - rtb_bl; ptb_bcg - rtb_ppd; ptb_bcg - sim_bcg; ptb_bcg - sim_bl; ptb_bcg - sim_ppd; ptb_bl - ptb_ppd; ptb_bl - rtb_bcg; ptb_bl - rtb_bl; ptb_bl - rtb_ppd; ptb_bl - sim_bcg; ptb_bl - sim_bl; ptb_bl - sim_ppd
1103.8597629766,4.4295,4.6847e-05,4.3293,0.044123,ltb_bl - ltb_bcg; sim_bl - ltb_bcg; sim_bl - ltb_bl; sim_bl - ltb_ppd; sim_bl - ptb_bcg; sim_bl - ptb_bl; sim_bl - ptb_ppd; sim_bl - rtb_bcg; sim_bl - rtb_bl; sim_bl - rtb_ppd; sim_bl - sim_bcg; sim_bl - sim_ppd
415.253682259856,4.4272,4.7143e-05,4.3266,0.044123,ltb_ppd - ltb_bcg; ptb_bl - ltb_bcg; rtb_bl - ltb_bcg; ltb_bcg - sim_ppd; ltb_ppd - ltb_bl; ptb_bcg - ltb_bl; ptb_bl - ltb_bl; rtb_bcg - ltb_bl; rtb_bl - ltb_bl; sim_bcg - ltb_bl; ltb_ppd - sim_bl; ltb_ppd - sim_ppd; ptb_bcg - sim_bl; ptb_bcg - sim_ppd; ptb_bl - sim_bl; ptb_bl - sim_ppd; ptb_ppd - sim_ppd; rtb_bcg - sim_bl; rtb_bcg - sim_ppd; rtb_bl - sim_bl; rtb_bl - sim_ppd; rtb_ppd - sim_ppd; sim_bcg - sim_bl; sim_bcg - sim_ppd
1178.01817080605,4.416,4.8588e-05,4.3135,0.045077,ptb_bcg - ltb_bcg; rtb_bcg - ltb_bcg; rtb_bl - ltb_bcg; ptb_bcg - ltb_bl; rtb_bl - ltb_bl; ptb_bcg - ltb_ppd; ptb_bcg - ptb_bl; ptb_bcg - ptb_ppd; ptb_bcg - rtb_bcg; ptb_bcg - rtb_bl; ptb_bcg - rtb_ppd; ptb_bcg - sim_bcg; ptb_bcg - sim_bl; ptb_bcg - sim_ppd; rtb_bl - ptb_bl; rtb_bl - ptb_ppd
791.364501949319,4.4095,4.9446e-05,4.3059,0.045474,ptb_bcg - ltb_bcg; ltb_ppd - ltb_bl; ptb_bcg - ltb_bl; ptb_bl - ltb_bl; ptb_ppd - ltb_bl; rtb_bcg - ltb_bl; rtb_ppd - ltb_bl; ltb_ppd - rtb_bl; ltb_ppd - sim_bcg; ltb_ppd - sim_bl; ltb_ppd - sim_ppd; ptb_bcg - ptb_bl; ptb_bcg - rtb_bcg; ptb_bcg - rtb_bl; ptb_bcg - rtb_ppd; ptb_bcg - sim_bcg; ptb_bcg - sim_bl; ptb_bcg - sim_ppd; ptb_bl - sim_bcg; ptb_bl - sim_bl; ptb_bl - sim_ppd; ptb_ppd - rtb_bl; ptb_ppd - sim_bcg; ptb_ppd - sim_bl; ptb_ppd - sim_ppd; rtb_bcg - sim_bcg; rtb_bcg - sim_bl; rtb_bcg - sim_ppd; rtb_ppd - sim_bcg; rtb_ppd - sim_bl; rtb_ppd - sim_ppd
1083.75388402167,4.404,5.0187e-05,4.2994,0.045757,ptb_bl - ltb_bcg; ptb_ppd - ltb_bcg; rtb_bcg - ltb_bcg; ltb_ppd - ltb_bl; ptb_bl - ltb_bl; ptb_ppd - ltb_bl; rtb_bcg - ltb_bl; rtb_bl - ltb_bl; ltb_ppd - sim_ppd; ptb_bl - ptb_bcg; ptb_ppd - ptb_bcg; rtb_bcg - ptb_bcg; ptb_bl - rtb_ppd; ptb_bl - sim_bcg; ptb_bl - sim_bl; ptb_bl - sim_ppd; ptb_ppd - rtb_ppd; ptb_ppd - sim_bcg; ptb_ppd - sim_bl; ptb_ppd - sim_ppd; rtb_bcg - rtb_ppd; rtb_bcg - sim_bcg; rtb_bcg - sim_ppd; rtb_bl - sim_ppd
814.426532093317,4.3986,5.0936e-05,4.293,0.045773,ltb_ppd - ltb_bcg; rtb_bl - ltb_bcg; rtb_ppd - ltb_bcg; ltb_ppd - ltb_bl; rtb_ppd - ltb_bl; ltb_ppd - ptb_bcg; ltb_ppd - ptb_bl; ltb_ppd - ptb_ppd; ltb_ppd - rtb_bcg; ltb_ppd - sim_bcg; ltb_ppd - sim_bl; ltb_ppd - sim_ppd; rtb_ppd - ptb_bcg; rtb_bl - ptb_bl; rtb_ppd - ptb_bl; rtb_ppd - ptb_ppd; rtb_ppd - rtb_bcg; rtb_bl - sim_bl; rtb_ppd - sim_bcg; rtb_ppd - sim_bl; rtb_ppd - sim_ppd
450.30017359561,4.3976,5.1071e-05,4.2918,0.045773,ltb_ppd - ltb_bcg; ptb_bcg - ltb_bcg; rtb_bl - ltb_bcg; ltb_ppd - ltb_bl; ptb_bcg - ltb_bl; rtb_bl - ltb_bl; ltb_ppd - ptb_ppd; ltb_ppd - rtb_bcg; ltb_ppd - rtb_ppd; ltb_ppd - sim_bcg; ltb_ppd - sim_bl; ltb_ppd - sim_ppd; ptb_bcg - rtb_bcg; ptb_bcg - rtb_ppd; ptb_bcg - sim_bcg; ptb_bcg - sim_bl; ptb_bcg - sim_ppd; rtb_bl - ptb_bl; rtb_bl - ptb_ppd; rtb_bl - rtb_bcg; rtb_bl - rtb_ppd; rtb_bl - sim_bcg; rtb_bl - sim_bl; rtb_bl - sim_ppd
455.537779851599,4.3845,5.2915e-05,4.2764,0.047028,ltb_bl - ltb_bcg; sim_bcg - ltb_bcg; sim_ppd - ltb_bcg; ltb_bl - ltb_ppd; ltb_bl - ptb_bcg; ltb_bl - ptb_bl; ltb_bl - ptb_ppd; ltb_bl - rtb_bcg; ltb_bl - rtb_bl; ltb_bl - rtb_ppd; ltb_bl - sim_bl; sim_bcg - ptb_bl; sim_ppd - ptb_bl; sim_bcg - ptb_ppd; sim_ppd - ptb_ppd; sim_bcg - rtb_bcg; sim_ppd - rtb_bcg; sim_bcg - rtb_bl; sim_ppd - rtb_bl; sim_bcg - rtb_ppd; sim_ppd - rtb_ppd; sim_bcg - sim_bl; sim_ppd - sim_bl
371.101110202632,4.3763,5.4105e-05,4.2668,0.047685,ltb_ppd - ltb_bcg; ptb_bcg - ltb_bcg; ptb_bl - ltb_bcg; ptb_ppd - ltb_bcg; rtb_bcg - ltb_bcg; rtb_bl - ltb_bcg; rtb_ppd - ltb_bcg; sim_bcg - ltb_bcg; sim_bl - ltb_bcg; sim_ppd - ltb_bcg; ltb_ppd - ltb_bl; ptb_bcg - ltb_bl; ptb_bl - ltb_bl; ptb_ppd - ltb_bl; rtb_bcg - ltb_bl; rtb_bl - ltb_bl; rtb_ppd - ltb_bl; sim_bcg - ltb_bl; sim_bl - ltb_bl; sim_ppd - ltb_bl
438.246059667419,4.3684,5.5268e-05,4.2575,0.048155,sim_bl - ltb_bcg; sim_ppd - ltb_bcg; ltb_bl - ltb_ppd; ltb_bl - ptb_bcg; ltb_bl - ptb_bl; ltb_bl - rtb_bl; sim_bl - ltb_bl; ptb_ppd - ltb_ppd; rtb_ppd - ltb_ppd; sim_bl - ltb_ppd; sim_ppd - ltb_ppd; ptb_ppd - ptb_bcg; rtb_bcg - ptb_bcg; rtb_ppd - ptb_bcg; sim_bl - ptb_bcg; sim_ppd - ptb_bcg; ptb_ppd - ptb_bl; rtb_bcg - ptb_bl; rtb_ppd - ptb_bl; sim_bl - ptb_bl; sim_ppd - ptb_bl; ptb_ppd - rtb_bl; sim_bl - rtb_bcg; rtb_ppd - rtb_bl; sim_bl - rtb_bl; sim_ppd - rtb_bl; sim_bl - sim_bcg; sim_ppd - sim_bcg
447.202630718261,4.3666,5.5549e-05,4.2553,0.048155,ltb_bl - ltb_bcg; ltb_bl - ltb_ppd; ltb_bl - ptb_bcg; ltb_bl - ptb_bl; ltb_bl - ptb_ppd; ltb_bl - rtb_bcg; ltb_bl - rtb_bl; ltb_bl - rtb_ppd; ltb_bl - sim_ppd; sim_bcg - ltb_ppd; sim_bl - ltb_ppd; sim_bcg - ptb_bcg; sim_bl - ptb_bcg; sim_bcg - ptb_bl; sim_bcg - ptb_ppd; sim_bl - ptb_ppd; sim_bcg - rtb_bcg; sim_bcg - rtb_bl; sim_bl - rtb_bl; sim_bcg - rtb_ppd
974.490343587305,4.3529,5.765e-05,4.2392,0.04957,ptb_bcg - ltb_bcg; ptb_bl - ltb_bcg; rtb_bcg - ltb_bcg; sim_bl - ltb_bcg; ptb_bcg - ltb_bl; ptb_bl - ltb_bl; rtb_bcg - ltb_bl; ptb_bcg - ltb_ppd; ptb_bl - ltb_ppd; rtb_bcg - ltb_ppd; ptb_bcg - ptb_ppd; ptb_bcg - rtb_bl; ptb_bcg - rtb_ppd; ptb_bcg - sim_bcg; ptb_bcg - sim_ppd; ptb_bl - ptb_ppd; ptb_bl - rtb_bl; ptb_bl - rtb_ppd; ptb_bl - sim_bcg; ptb_bl - sim_ppd; rtb_bcg - ptb_ppd; sim_bl - ptb_ppd; rtb_bcg - rtb_bl; rtb_bcg - rtb_ppd; rtb_bcg - sim_bcg; rtb_bcg - sim_ppd; sim_bl - rtb_bl; sim_bl - sim_ppd
